local_uri,tmdb_person_id,name,roles,movie_count,wikidata_uri,wikidata_label,wikidata_imdb_id,dbpedia_uri,search_method,matched_by,score,status
https://example.org/person/65731,65731,Sam Worthington,cast,2,http://www.wikidata.org/entity/Q82085,Sam Worthington,nm0941777,http://dbpedia.org/resource/Sam_Worthington,identifier,tmdb_person_id+name,1.00,approved
https://example.org/person/8691,8691,Zoe Saldana,cast,4,http://www.wikidata.org/entity/Q190162,Zoe Saldaña,nm0757855,http://dbpedia.org/resource/Zoe_Saldaña,identifier,tmdb_person_id+name,1.00,approved
https://example.org/person/10205,10205,Sigourney Weaver,cast,1,http://www.wikidata.org/entity/Q102124,Sigourney Weaver,nm0000244,http://dbpedia.org/resource/Sigourney_Weaver,identifier,tmdb_person_id+name,1.00,approved
https://example.org/person/32747,32747,Stephen Lang,cast,1,http://www.wikidata.org/entity/Q312902,Stephen Lang,nm0002332,http://dbpedia.org/resource/Stephen_Lang,identifier,tmdb_person_id+name,1.00,approved
https://example.org/person/17647,17647,Michelle Rodriguez,cast,3,http://www.wikidata.org/entity/Q184219,Michelle Rodriguez,nm0735442,http://dbpedia.org/resource/Michelle_Rodriguez,identifier,tmdb_person_id+name,1.00,approved
https://example.org/person/1771,1771,Giovanni Ribisi,cast,1,http://www.wikidata.org/entity/Q224081,Giovanni Ribisi,nm0000610,http://dbpedia.org/resource/Giovanni_Ribisi,identifier,tmdb_person_id+name,1.00,approved
https://example.org/person/59231,59231,Joel David Moore,cast,1,http://www.wikidata.org/entity/Q371786,Joel David Moore,nm0601376,http://dbpedia.org/resource/Joel_David_Moore,identifier,tmdb_person_id+name,1.00,approved
https://example.org/person/30485,30485,CCH Pounder,cast,1,http://www.wikidata.org/entity/Q236434,CCH Pounder,nm0001634,http://dbpedia.org/resource/CCH_Pounder,identifier,tmdb_person_id+name,1.00,approved
https://example.org/person/15853,15853,Wes Studi,cast,1,http://www.wikidata.org/entity/Q350819,Wes Studi,nm0836071,http://dbpedia.org/resource/Wes_Studi,identifier,tmdb_person_id+name,1.00,approved
https://example.org/person/10964,10964,Laz Alonso,cast,1,http://www.wikidata.org/entity/Q302335,Laz Alonso,nm0022306,http://dbpedia.org/resource/Laz_Alonso,identifier,tmdb_person_id+name,1.00,approved
https://example.org/person/85,85,Johnny Depp,cast,5,http://www.wikidata.org/entity/Q37175,Johnny Depp,nm0000136,http://dbpedia.org/resource/Johnny_Depp,identifier,tmdb_person_id+name,1.00,approved
https://example.org/person/114,114,Orlando Bloom,cast,2,http://www.wikidata.org/entity/Q44467,Orlando Bloom,nm0089217,http://dbpedia.org/resource/Orlando_Bloom,identifier,tmdb_person_id+name,1.00,approved
https://example.org/person/116,116,Keira Knightley,cast,2,http://www.wikidata.org/entity/Q42581,Keira Knightley,nm0461136,http://dbpedia.org/resource/Keira_Knightley,identifier,tmdb_person_id+name,1.00,approved
https://example.org/person/1640,1640,Stellan Skarsgård,cast,3,http://www.wikidata.org/entity/Q208667,Stellan Skarsgård,nm0001745,http://dbpedia.org/resource/Stellan_Skarsgård,identifier,tmdb_person_id+name,1.00,approved
https://example.org/person/1619,1619,Chow Yun-fat,cast,1,http://www.wikidata.org/entity/Q181425,Chow Yun-fat,nm0000334,http://dbpedia.org/resource/Chow_Yun-fat,identifier,tmdb_person_id+name,1.00,approved
https://example.org/person/2440,2440,Bill Nighy,cast,3,http://www.wikidata.org/entity/Q207179,Bill Nighy,nm0631490,http://dbpedia.org/resource/Bill_Nighy,identifier,tmdb_person_id+name,1.00,approved
https://example.org/person/118,118,Geoffrey Rush,cast,2,http://www.wikidata.org/entity/Q166272,Geoffrey Rush,nm0001691,http://dbpedia.org/resource/Geoffrey_Rush,identifier,tmdb_person_id+name,1.00,approved
https://example.org/person/1709,1709,Jack Davenport,cast,2,http://www.wikidata.org/entity/Q310930,Jack Davenport,nm0202603,http://dbpedia.org/resource/Jack_Davenport,identifier,tmdb_person_id+name,1.00,approved
https://example.org/person/2449,2449,Kevin McNally,cast,3,http://www.wikidata.org/entity/Q335376,Kevin McNally,nm0573618,http://dbpedia.org/resource/Kevin_McNally,identifier,tmdb_person_id+name,1.00,approved
https://example.org/person/2441,2441,Tom Hollander,cast,1,http://www.wikidata.org/entity/Q312124,Tom Hollander,nm0390903,http://dbpedia.org/resource/Tom_Hollander,identifier,tmdb_person_id+name,1.00,approved
https://example.org/person/8784,8784,Daniel Craig,cast,4,http://www.wikidata.org/entity/Q4547,Daniel Craig,nm0185819,http://dbpedia.org/resource/Daniel_Craig,identifier,tmdb_person_id+name,1.00,approved
https://example.org/person/27319,27319,Christoph Waltz,cast,2,http://www.wikidata.org/entity/Q76819,Christoph Waltz,nm0910607,http://dbpedia.org/resource/Christoph_Waltz,identifier,tmdb_person_id+name,1.00,approved
https://example.org/person/121529,121529,Léa Seydoux,cast,1,http://www.wikidata.org/entity/Q231096,Léa Seydoux,nm2244205,http://dbpedia.org/resource/Léa_Seydoux,identifier,tmdb_person_id+name,1.00,approved
https://example.org/person/5469,5469,Ralph Fiennes,cast,2,http://www.wikidata.org/entity/Q28493,Ralph Fiennes,nm0000146,http://dbpedia.org/resource/Ralph_Fiennes,identifier,tmdb_person_id+name,1.00,approved
https://example.org/person/28782,28782,Monica Bellucci,cast,1,http://www.wikidata.org/entity/Q81819,Monica Bellucci,nm0000899,http://dbpedia.org/resource/Monica_Bellucci,identifier,tmdb_person_id+name,1.00,approved
https://example.org/person/17064,17064,Ben Whishaw,cast,2,http://www.wikidata.org/entity/Q342617,Ben Whishaw,nm0924210,http://dbpedia.org/resource/Ben_Whishaw,identifier,tmdb_person_id+name,1.00,approved
https://example.org/person/2038,2038,Naomie Harris,cast,2,http://www.wikidata.org/entity/Q156586,Naomie Harris,nm0365140,http://dbpedia.org/resource/Naomie_Harris,identifier,tmdb_person_id+name,1.00,approved
https://example.org/person/543530,543530,Dave Bautista,cast,2,http://www.wikidata.org/entity/Q44158,Dave Bautista,nm1176985,http://dbpedia.org/resource/Dave_Bautista,identifier,tmdb_person_id+name,1.00,approved
https://example.org/person/125660,125660,Andrew Scott,cast,1,http://www.wikidata.org/entity/Q507322,Andrew Scott,nm0778831,http://dbpedia.org/resource/Andrew_Scott_(actor),identifier,tmdb_person_id+name,1.00,approved
https://example.org/person/139549,139549,Rory Kinnear,cast,2,http://www.wikidata.org/entity/Q1320782,Rory Kinnear,nm1239499,http://dbpedia.org/resource/Rory_Kinnear,identifier,tmdb_person_id+name,1.00,approved
https://example.org/person/3894,3894,Christian Bale,cast,3,http://www.wikidata.org/entity/Q45772,Christian Bale,nm0000288,http://dbpedia.org/resource/Christian_Bale,identifier,tmdb_person_id+name,1.00,approved
https://example.org/person/3895,3895,Michael Caine,cast,5,http://www.wikidata.org/entity/Q123351,Michael Caine,nm0000323,http://dbpedia.org/resource/Michael_Caine,identifier,tmdb_person_id+name,1.00,approved
https://example.org/person/64,64,Gary Oldman,cast,4,http://www.wikidata.org/entity/Q83492,Gary Oldman,nm0000198,http://dbpedia.org/resource/Gary_Oldman,identifier,tmdb_person_id+name,1.00,approved
https://example.org/person/1813,1813,Anne Hathaway,cast,3,http://www.wikidata.org/entity/Q36301,Anne Hathaway,nm0004266,http://dbpedia.org/resource/Anne_Hathaway,identifier,tmdb_person_id+name,1.00,approved
https://example.org/person/2524,2524,Tom Hardy,cast,2,http://www.wikidata.org/entity/Q208026,Tom Hardy,nm0362766,http://dbpedia.org/resource/Tom_Hardy,identifier,tmdb_person_id+name,1.00,approved
https://example.org/person/8293,8293,Marion Cotillard,cast,2,http://www.wikidata.org/entity/Q8927,Marion Cotillard,nm0182839,http://dbpedia.org/resource/Marion_Cotillard,identifier,tmdb_person_id+name,1.00,approved
https://example.org/person/24045,24045,Joseph Gordon-Levitt,cast,3,http://www.wikidata.org/entity/Q177311,Joseph Gordon-Levitt,nm0330687,http://dbpedia.org/resource/Joseph_Gordon-Levitt,identifier,tmdb_person_id+name,1.00,approved
https://example.org/person/192,192,Morgan Freeman,cast,3,http://www.wikidata.org/entity/Q48337,Morgan Freeman,nm0000151,http://dbpedia.org/resource/Morgan_Freeman,identifier,tmdb_person_id+name,1.00,approved
https://example.org/person/2037,2037,Cillian Murphy,cast,3,http://www.wikidata.org/entity/Q202589,Cillian Murphy,nm0614165,http://dbpedia.org/resource/Cillian_Murphy,identifier,tmdb_person_id+name,1.00,approved
https://example.org/person/36594,36594,Juno Temple,cast,2,http://www.wikidata.org/entity/Q234434,Juno Temple,nm1017334,http://dbpedia.org/resource/Juno_Temple,identifier,tmdb_person_id+name,1.00,approved
https://example.org/person/60900,60900,Taylor Kitsch,cast,2,http://www.wikidata.org/entity/Q335880,Taylor Kitsch,nm2018237,http://dbpedia.org/resource/Taylor_Kitsch,identifier,tmdb_person_id+name,1.00,approved
https://example.org/person/21044,21044,Lynn Collins,cast,1,http://www.wikidata.org/entity/Q233237,Lynn Collins,nm1211488,http://dbpedia.org/resource/Lynn_Collins,identifier,tmdb_person_id+name,1.00,approved
https://example.org/person/2206,2206,Samantha Morton,cast,1,http://www.wikidata.org/entity/Q230190,Samantha Morton,nm0608090,http://dbpedia.org/resource/Samantha_Morton,identifier,tmdb_person_id+name,1.00,approved
https://example.org/person/5293,5293,Willem Dafoe,cast,2,http://www.wikidata.org/entity/Q188772,Willem Dafoe,nm0000353,http://dbpedia.org/resource/Willem_Dafoe,identifier,tmdb_person_id+name,1.00,approved
https://example.org/person/19159,19159,Thomas Haden Church,cast,2,http://www.wikidata.org/entity/Q311615,Thomas Haden Church,nm0002006,http://dbpedia.org/resource/Thomas_Haden_Church,identifier,tmdb_person_id+name,1.00,approved
https://example.org/person/2983,2983,Mark Strong,cast,3,http://www.wikidata.org/entity/Q312712,Mark Strong,nm0835016,http://dbpedia.org/resource/Mark_Strong,identifier,tmdb_person_id+name,1.00,approved
https://example.org/person/8785,8785,Ciarán Hinds,cast,1,http://www.wikidata.org/entity/Q314892,Ciarán Hinds,nm0001354,http://dbpedia.org/resource/Ciarán_Hinds,identifier,tmdb_person_id+name,1.00,approved
https://example.org/person/17287,17287,Dominic West,cast,1,http://www.wikidata.org/entity/Q313020,Dominic West,nm0922035,http://dbpedia.org/resource/Dominic_West,identifier,tmdb_person_id+name,1.00,approved
https://example.org/person/17648,17648,James Purefoy,cast,1,http://www.wikidata.org/entity/Q360528,James Purefoy,nm0700856,http://dbpedia.org/resource/James_Purefoy,identifier,tmdb_person_id+name,1.00,approved
https://example.org/person/17419,17419,Bryan Cranston,cast,1,http://www.wikidata.org/entity/Q23547,Bryan Cranston,nm0186505,http://dbpedia.org/resource/Bryan_Cranston,identifier,tmdb_person_id+name,1.00,approved
https://example.org/person/2219,2219,Tobey Maguire,cast,3,http://www.wikidata.org/entity/Q165524,Tobey Maguire,nm0001497,http://dbpedia.org/resource/Tobey_Maguire,identifier,tmdb_person_id+name,1.00,approved
https://example.org/person/205,205,Kirsten Dunst,cast,2,http://www.wikidata.org/entity/Q76478,Kirsten Dunst,nm0000379,http://dbpedia.org/resource/Kirsten_Dunst,identifier,tmdb_person_id+name,1.00,approved
https://example.org/person/17051,17051,James Franco,cast,3,http://www.wikidata.org/entity/Q306403,James Franco,nm0290556,http://dbpedia.org/resource/James_Franco,identifier,tmdb_person_id+name,1.00,approved
https://example.org/person/17052,17052,Topher Grace,cast,1,http://www.wikidata.org/entity/Q277978,Topher Grace,nm0333410,http://dbpedia.org/resource/Topher_Grace,identifier,tmdb_person_id+name,1.00,approved
https://example.org/person/18997,18997,Bryce Dallas Howard,cast,3,http://www.wikidata.org/entity/Q229775,Bryce Dallas Howard,nm0397171,http://dbpedia.org/resource/Bryce_Dallas_Howard,identifier,tmdb_person_id+name,1.00,approved
https://example.org/person/18998,18998,Rosemary Harris,cast,2,http://www.wikidata.org/entity/Q234195,Rosemary Harris,nm0365281,http://dbpedia.org/resource/Rosemary_Harris,identifier,tmdb_person_id+name,1.00,approved
https://example.org/person/2505,2505,James Cromwell,cast,2,http://www.wikidata.org/entity/Q299483,James Cromwell,nm0000342,http://dbpedia.org/resource/James_Cromwell,identifier,tmdb_person_id+name,1.00,approved
https://example.org/person/18999,18999,J.K. Simmons,cast,2,http://www.wikidata.org/entity/Q150482,J.K. Simmons,nm0799777,http://dbpedia.org/resource/J._K._Simmons,identifier,tmdb_person_id+name+ambiguous,1.00,review
https://example.org/person/18999,18999,J.K. Simmons,cast,2,http://www.wikidata.org/entity/Q141550886,J.K. Simmons,nm0799777,,identifier,tmdb_person_id+name+ambiguous,1.00,review
https://example.org/person/9207,9207,Theresa Russell,cast,1,http://www.wikidata.org/entity/Q253467,Theresa Russell,nm0000622,http://dbpedia.org/resource/Theresa_Russell,identifier,tmdb_person_id+name,1.00,approved
https://example.org/person/69899,69899,Zachary Levi,cast,1,http://www.wikidata.org/entity/Q139638,Zachary Levi,nm1157048,http://dbpedia.org/resource/Zachary_Levi,identifier,tmdb_person_id+name,1.00,approved
https://example.org/person/16855,16855,Mandy Moore,cast,1,http://www.wikidata.org/entity/Q187832,Mandy Moore,nm0601553,http://dbpedia.org/resource/Mandy_Moore,identifier,tmdb_person_id+name,1.00,approved
https://example.org/person/2517,2517,Donna Murphy,cast,2,http://www.wikidata.org/entity/Q439457,Donna Murphy,nm0614220,http://dbpedia.org/resource/Donna_Murphy,identifier,tmdb_person_id+name,1.00,approved
https://example.org/person/2372,2372,Ron Perlman,cast,2,http://www.wikidata.org/entity/Q220698,Ron Perlman,nm0000579,http://dbpedia.org/resource/Ron_Perlman,identifier,tmdb_person_id+name,1.00,approved
https://example.org/person/22132,22132,M.C. Gainey,cast,1,http://www.wikidata.org/entity/Q722038,M.C. Gainey,nm0301370,http://dbpedia.org/resource/M._C._Gainey,identifier,tmdb_person_id+name,1.00,approved
https://example.org/person/4175,4175,Jeffrey Tambor,cast,1,http://www.wikidata.org/entity/Q320204,Jeffrey Tambor,nm0001787,http://dbpedia.org/resource/Jeffrey_Tambor,identifier,tmdb_person_id+name,1.00,approved
https://example.org/person/18,18,Brad Garrett,cast,1,http://www.wikidata.org/entity/Q331720,Brad Garrett,nm0004951,http://dbpedia.org/resource/Brad_Garrett,identifier,tmdb_person_id+name,1.00,approved
https://example.org/person/1219029,1219029,Paul F. Tompkins,cast,1,http://www.wikidata.org/entity/Q2059493,Paul F. Tompkins,nm0006670,http://dbpedia.org/resource/Paul_F._Tompkins,identifier,tmdb_person_id+name,1.00,approved
https://example.org/person/10460,10460,Richard Kiel,cast,1,http://www.wikidata.org/entity/Q376140,Richard Kiel,nm0001423,http://dbpedia.org/resource/Richard_Kiel,identifier,tmdb_person_id+name,1.00,approved
https://example.org/person/1273208,1273208,Delaney Rose Stein,cast,1,http://www.wikidata.org/entity/Q27986463,Delaney Rose Stein,nm4169896,,identifier,tmdb_person_id+name,1.00,approved
https://example.org/person/3223,3223,Robert Downey Jr.,cast,6,http://www.wikidata.org/entity/Q165219,Robert Downey Jr.,nm0000375,http://dbpedia.org/resource/Robert_Downey_Jr.,identifier,tmdb_person_id+name,1.00,approved
https://example.org/person/74568,74568,Chris Hemsworth,cast,3,http://www.wikidata.org/entity/Q54314,Chris Hemsworth,nm1165110,http://dbpedia.org/resource/Chris_Hemsworth,identifier,tmdb_person_id+name,1.00,approved
https://example.org/person/103,103,Mark Ruffalo,cast,2,http://www.wikidata.org/entity/Q41422,Mark Ruffalo,nm0749263,http://dbpedia.org/resource/Mark_Ruffalo,identifier,tmdb_person_id+name,1.00,approved
https://example.org/person/16828,16828,Chris Evans,cast,4,http://www.wikidata.org/entity/Q178348,Chris Evans,nm0262635,http://dbpedia.org/resource/Chris_Evans_(actor),identifier,tmdb_person_id+name,1.00,approved
https://example.org/person/1245,1245,Scarlett Johansson,cast,6,http://www.wikidata.org/entity/Q34436,Scarlett Johansson,nm0424060,http://dbpedia.org/resource/Scarlett_Johansson,identifier,tmdb_person_id+name,1.00,approved
https://example.org/person/17604,17604,Jeremy Renner,cast,3,http://www.wikidata.org/entity/Q23365,Jeremy Renner,nm0719637,http://dbpedia.org/resource/Jeremy_Renner,identifier,tmdb_person_id+name,1.00,approved
https://example.org/person/13548,13548,James Spader,cast,1,http://www.wikidata.org/entity/Q296928,James Spader,nm0000652,http://dbpedia.org/resource/James_Spader,identifier,tmdb_person_id+name,1.00,approved
https://example.org/person/2231,2231,Samuel L. Jackson,cast,4,http://www.wikidata.org/entity/Q172678,Samuel L. Jackson,nm0000168,http://dbpedia.org/resource/Samuel_L._Jackson,identifier,tmdb_person_id+name,1.00,approved
https://example.org/person/1896,1896,Don Cheadle,cast,4,http://www.wikidata.org/entity/Q272019,Don Cheadle,nm0000332,http://dbpedia.org/resource/Don_Cheadle,identifier,tmdb_person_id+name,1.00,approved
https://example.org/person/27428,27428,Aaron Taylor-Johnson,cast,1,http://www.wikidata.org/entity/Q45923,Aaron Taylor-Johnson,nm1093951,http://dbpedia.org/resource/Aaron_Taylor-Johnson,identifier,tmdb_person_id+name,1.00,approved
https://example.org/person/10980,10980,Daniel Radcliffe,cast,1,http://www.wikidata.org/entity/Q38119,Daniel Radcliffe,nm0705356,http://dbpedia.org/resource/Daniel_Radcliffe,identifier,tmdb_person_id+name,1.00,approved
https://example.org/person/10989,10989,Rupert Grint,cast,1,http://www.wikidata.org/entity/Q19190,Rupert Grint,nm0342488,http://dbpedia.org/resource/Rupert_Grint,identifier,tmdb_person_id+name,1.00,approved
https://example.org/person/10990,10990,Emma Watson,cast,1,http://www.wikidata.org/entity/Q39476,Emma Watson,nm0914612,http://dbpedia.org/resource/Emma_Watson,identifier,tmdb_person_id+name,1.00,approved
https://example.org/person/10993,10993,Tom Felton,cast,1,http://www.wikidata.org/entity/Q105682,Tom Felton,nm0271657,http://dbpedia.org/resource/Tom_Felton,identifier,tmdb_person_id+name,1.00,approved
https://example.org/person/5658,5658,Michael Gambon,cast,1,http://www.wikidata.org/entity/Q203545,Michael Gambon,nm0002091,http://dbpedia.org/resource/Michael_Gambon,identifier,tmdb_person_id+name,1.00,approved
https://example.org/person/388,388,Jim Broadbent,cast,4,http://www.wikidata.org/entity/Q185079,Jim Broadbent,nm0000980,http://dbpedia.org/resource/Jim_Broadbent,identifier,tmdb_person_id+name,1.00,approved
https://example.org/person/1283,1283,Helena Bonham Carter,cast,4,http://www.wikidata.org/entity/Q170428,Helena Bonham Carter,nm0000307,http://dbpedia.org/resource/Helena_Bonham_Carter,identifier,tmdb_person_id+name,1.00,approved
https://example.org/person/1923,1923,Robbie Coltrane,cast,2,http://www.wikidata.org/entity/Q296008,Robbie Coltrane,nm0001059,http://dbpedia.org/resource/Robbie_Coltrane,identifier,tmdb_person_id+name,1.00,approved
https://example.org/person/10978,10978,Maggie Smith,cast,1,http://www.wikidata.org/entity/Q172653,Maggie Smith,nm0001749,http://dbpedia.org/resource/Maggie_Smith,identifier,tmdb_person_id+name,1.00,approved
https://example.org/person/4566,4566,Alan Rickman,cast,1,http://www.wikidata.org/entity/Q106481,Alan Rickman,nm0000614,http://dbpedia.org/resource/Alan_Rickman,identifier,tmdb_person_id+name,1.00,approved
https://example.org/person/880,880,Ben Affleck,cast,1,http://www.wikidata.org/entity/Q483118,Ben Affleck,nm0000255,http://dbpedia.org/resource/Ben_Affleck,identifier,tmdb_person_id+name,1.00,approved
https://example.org/person/73968,73968,Henry Cavill,cast,2,http://www.wikidata.org/entity/Q295498,Henry Cavill,nm0147147,http://dbpedia.org/resource/Henry_Cavill,identifier,tmdb_person_id+name,1.00,approved
https://example.org/person/90633,90633,Gal Gadot,cast,1,http://www.wikidata.org/entity/Q185654,Gal Gadot,nm2933757,http://dbpedia.org/resource/Gal_Gadot,identifier,tmdb_person_id+name,1.00,approved
https://example.org/person/9273,9273,Amy Adams,cast,2,http://www.wikidata.org/entity/Q481832,Amy Adams,nm0010736,http://dbpedia.org/resource/Amy_Adams,identifier,tmdb_person_id+name,1.00,approved
https://example.org/person/44735,44735,Jesse Eisenberg,cast,1,http://www.wikidata.org/entity/Q219512,Jesse Eisenberg,nm0251986,http://dbpedia.org/resource/Jesse_Eisenberg,identifier,tmdb_person_id+name,1.00,approved
https://example.org/person/2882,2882,Diane Lane,cast,3,http://www.wikidata.org/entity/Q255070,Diane Lane,nm0000178,http://dbpedia.org/resource/Diane_Lane,identifier,tmdb_person_id+name,1.00,approved
https://example.org/person/16940,16940,Jeremy Irons,cast,1,http://www.wikidata.org/entity/Q171745,Jeremy Irons,nm0000460,http://dbpedia.org/resource/Jeremy_Irons,identifier,tmdb_person_id+name,1.00,approved
https://example.org/person/2975,2975,Laurence Fishburne,cast,2,http://www.wikidata.org/entity/Q193048,Laurence Fishburne,nm0000401,http://dbpedia.org/resource/Laurence_Fishburne,identifier,tmdb_person_id+name,1.00,approved
https://example.org/person/18686,18686,Holly Hunter,cast,1,http://www.wikidata.org/entity/Q105660,Holly Hunter,nm0000456,http://dbpedia.org/resource/Holly_Hunter,identifier,tmdb_person_id+name,1.00,approved
https://example.org/person/59233,59233,Scoot McNairy,cast,1,http://www.wikidata.org/entity/Q566037,Scoot McNairy,nm1058940,http://dbpedia.org/resource/Scoot_McNairy,identifier,tmdb_person_id+name,1.00,approved
https://example.org/person/17271,17271,Brandon Routh,cast,1,http://www.wikidata.org/entity/Q299324,Brandon Routh,nm0746125,http://dbpedia.org/resource/Brandon_Routh,identifier,tmdb_person_id+name,1.00,approved
https://example.org/person/1979,1979,Kevin Spacey,cast,1,http://www.wikidata.org/entity/Q25144,Kevin Spacey,nm0000228,http://dbpedia.org/resource/Kevin_Spacey,identifier,tmdb_person_id+name,1.00,approved
https://example.org/person/7517,7517,Kate Bosworth,cast,1,http://www.wikidata.org/entity/Q236822,Kate Bosworth,nm0098378,http://dbpedia.org/resource/Kate_Bosworth,identifier,tmdb_person_id+name,1.00,approved
https://example.org/person/11006,11006,James Marsden,cast,1,http://www.wikidata.org/entity/Q485901,James Marsden,nm0005188,http://dbpedia.org/resource/James_Marsden,identifier,tmdb_person_id+name,1.00,approved
https://example.org/person/7489,7489,Parker Posey,cast,1,http://www.wikidata.org/entity/Q204586,Parker Posey,nm0000205,http://dbpedia.org/resource/Parker_Posey,identifier,tmdb_person_id+name,1.00,approved
https://example.org/person/8924,8924,Frank Langella,cast,1,http://www.wikidata.org/entity/Q310944,Frank Langella,nm0001449,http://dbpedia.org/resource/Frank_Langella,identifier,tmdb_person_id+name,1.00,approved
https://example.org/person/53492,53492,Sam Huntington,cast,1,http://www.wikidata.org/entity/Q355361,Sam Huntington,nm0403134,http://dbpedia.org/resource/Sam_Huntington,identifier,tmdb_person_id+name,1.00,approved
https://example.org/person/2639,2639,Eva Marie Saint,cast,1,http://www.wikidata.org/entity/Q228928,Eva Marie Saint,nm0001693,http://dbpedia.org/resource/Eva_Marie_Saint,identifier,tmdb_person_id+name,1.00,approved
https://example.org/person/3084,3084,Marlon Brando,cast,1,http://www.wikidata.org/entity/Q34012,Marlon Brando,nm0000008,http://dbpedia.org/resource/Marlon_Brando,identifier,tmdb_person_id+name,1.00,approved
https://example.org/person/53493,53493,Kal Penn,cast,1,http://www.wikidata.org/entity/Q220536,Kal Penn,nm0671980,http://dbpedia.org/resource/Kal_Penn,identifier,tmdb_person_id+name,1.00,approved
https://example.org/person/18182,18182,Olga Kurylenko,cast,1,http://www.wikidata.org/entity/Q164730,Olga Kurylenko,nm1385871,http://dbpedia.org/resource/Olga_Kurylenko,identifier,tmdb_person_id+name,1.00,approved
https://example.org/person/8789,8789,Mathieu Amalric,cast,1,http://www.wikidata.org/entity/Q355835,Mathieu Amalric,nm0023832,http://dbpedia.org/resource/Mathieu_Amalric,identifier,tmdb_person_id+name,1.00,approved
https://example.org/person/5309,5309,Judi Dench,cast,2,http://www.wikidata.org/entity/Q28054,Judi Dench,nm0001132,http://dbpedia.org/resource/Judi_Dench,identifier,tmdb_person_id+name,1.00,approved
https://example.org/person/3753,3753,Giancarlo Giannini,cast,1,http://www.wikidata.org/entity/Q315258,Giancarlo Giannini,nm0316284,http://dbpedia.org/resource/Giancarlo_Giannini,identifier,tmdb_person_id+name,1.00,approved
https://example.org/person/59620,59620,Gemma Arterton,cast,2,http://www.wikidata.org/entity/Q255323,Gemma Arterton,nm2605345,http://dbpedia.org/resource/Gemma_Arterton,identifier,tmdb_person_id+name,1.00,approved
https://example.org/person/2954,2954,Jeffrey Wright,cast,2,http://www.wikidata.org/entity/Q343059,Jeffrey Wright,nm0942482,http://dbpedia.org/resource/Jeffrey_Wright,identifier,tmdb_person_id+name,1.00,approved
https://example.org/person/35029,35029,David Harbour,cast,1,http://www.wikidata.org/entity/Q391359,David Harbour,nm1092086,http://dbpedia.org/resource/David_Harbour,identifier,tmdb_person_id+name,1.00,approved
https://example.org/person/2244,2244,Jesper Christensen,cast,1,http://www.wikidata.org/entity/Q530997,Jesper Christensen,nm0159802,http://dbpedia.org/resource/Jesper_Christensen,identifier,tmdb_person_id+name,1.00,approved
https://example.org/person/62892,62892,Anatole Taubman,cast,1,http://www.wikidata.org/entity/Q487548,Anatole Taubman,nm0851458,http://dbpedia.org/resource/Anatole_Taubman,identifier,tmdb_person_id+name,1.00,approved
https://example.org/person/378,378,Jonathan Pryce,cast,1,http://www.wikidata.org/entity/Q312702,Jonathan Pryce,nm0000596,http://dbpedia.org/resource/Jonathan_Pryce,identifier,tmdb_person_id+name,1.00,approved
https://example.org/person/1710,1710,Lee Arenberg,cast,1,http://www.wikidata.org/entity/Q548163,Lee Arenberg,nm0034305,http://dbpedia.org/resource/Lee_Arenberg,identifier,tmdb_person_id+name,1.00,approved
https://example.org/person/1711,1711,Mackenzie Crook,cast,1,http://www.wikidata.org/entity/Q447614,Mackenzie Crook,nm0188871,http://dbpedia.org/resource/Mackenzie_Crook,identifier,tmdb_person_id+name,1.00,approved
https://example.org/person/53807,53807,Armie Hammer,cast,1,http://www.wikidata.org/entity/Q374273,Armie Hammer,nm2309517,http://dbpedia.org/resource/Armie_Hammer,identifier,tmdb_person_id+name,1.00,approved
https://example.org/person/886,886,William Fichtner,cast,2,http://www.wikidata.org/entity/Q220335,William Fichtner,nm0001209,http://dbpedia.org/resource/William_Fichtner,identifier,tmdb_person_id+name,1.00,approved
https://example.org/person/18473,18473,James Badge Dale,cast,3,http://www.wikidata.org/entity/Q451974,James Badge Dale,nm0197647,http://dbpedia.org/resource/James_Badge_Dale,identifier,tmdb_person_id+name,1.00,approved
https://example.org/person/207,207,Tom Wilkinson,cast,1,http://www.wikidata.org/entity/Q211322,Tom Wilkinson,nm0929489,http://dbpedia.org/resource/Tom_Wilkinson,identifier,tmdb_person_id+name,1.00,approved
https://example.org/person/47720,47720,Ruth Wilson,cast,1,http://www.wikidata.org/entity/Q262679,Ruth Wilson,nm2235721,http://dbpedia.org/resource/Ruth_Wilson,identifier,tmdb_person_id+name,1.00,approved
https://example.org/person/12834,12834,Barry Pepper,cast,1,http://www.wikidata.org/entity/Q315604,Barry Pepper,nm0001608,http://dbpedia.org/resource/Barry_Pepper,identifier,tmdb_person_id+name,1.00,approved
https://example.org/person/22063,22063,James Frain,cast,2,http://www.wikidata.org/entity/Q535507,James Frain,nm0289656,http://dbpedia.org/resource/James_Frain,identifier,tmdb_person_id+name,1.00,approved
https://example.org/person/583040,583040,Mason Cook,cast,1,http://www.wikidata.org/entity/Q1593888,Mason Cook,nm3303074,http://dbpedia.org/resource/Mason_Cook,identifier,tmdb_person_id+name,1.00,approved
https://example.org/person/335,335,Michael Shannon,cast,1,http://www.wikidata.org/entity/Q41449,Michael Shannon,nm0788335,http://dbpedia.org/resource/Michael_Shannon,identifier,tmdb_person_id+name,1.00,approved
https://example.org/person/1269,1269,Kevin Costner,cast,2,http://www.wikidata.org/entity/Q11930,Kevin Costner,nm0000126,http://dbpedia.org/resource/Kevin_Costner,identifier,tmdb_person_id+name,1.00,approved
https://example.org/person/934,934,Russell Crowe,cast,2,http://www.wikidata.org/entity/Q129817,Russell Crowe,nm0000128,http://dbpedia.org/resource/Russell_Crowe,identifier,tmdb_person_id+name,1.00,approved
https://example.org/person/43202,43202,Antje Traue,cast,1,http://www.wikidata.org/entity/Q62648,Antje Traue,nm1662644,http://dbpedia.org/resource/Antje_Traue,identifier,tmdb_person_id+name,1.00,approved
https://example.org/person/22227,22227,Christopher Meloni,cast,1,http://www.wikidata.org/entity/Q380095,Christopher Meloni,nm0005221,http://dbpedia.org/resource/Christopher_Meloni,identifier,tmdb_person_id+name,1.00,approved
https://example.org/person/213049,213049,Jadin Gould,cast,1,http://www.wikidata.org/entity/Q4283806,Jadin Gould,nm2631090,,identifier,tmdb_person_id+name,1.00,approved
https://example.org/person/25130,25130,Ben Barnes,cast,1,http://www.wikidata.org/entity/Q310086,Ben Barnes,nm1602660,http://dbpedia.org/resource/Ben_Barnes_(actor),identifier,tmdb_person_id+name,1.00,approved
https://example.org/person/5528,5528,William Moseley,cast,2,http://www.wikidata.org/entity/Q311143,William Moseley,nm0608440,http://dbpedia.org/resource/William_Moseley_(actor),identifier,tmdb_person_id+name,1.00,approved
https://example.org/person/5529,5529,Anna Popplewell,cast,2,http://www.wikidata.org/entity/Q229108,Anna Popplewell,nm0691600,http://dbpedia.org/resource/Anna_Popplewell,identifier,tmdb_person_id+name,1.00,approved
https://example.org/person/5527,5527,Skandar Keynes,cast,2,http://www.wikidata.org/entity/Q310089,Skandar Keynes,nm1342727,http://dbpedia.org/resource/Skandar_Keynes,identifier,tmdb_person_id+name,1.00,approved
https://example.org/person/5526,5526,Georgie Henley,cast,2,http://www.wikidata.org/entity/Q228875,Georgie Henley,nm1670137,http://dbpedia.org/resource/Georgie_Henley,identifier,tmdb_person_id+name,1.00,approved
https://example.org/person/2166,2166,Sergio Castellitto,cast,1,http://www.wikidata.org/entity/Q524544,Sergio Castellitto,nm0144812,http://dbpedia.org/resource/Sergio_Castellitto,identifier,tmdb_person_id+name,1.00,approved
https://example.org/person/25132,25132,Alicia Borrachero,cast,1,http://www.wikidata.org/entity/Q276393,Alicia Borrachero,nm0097304,http://dbpedia.org/resource/Alicia_Borrachero,identifier,tmdb_person_id+name,1.00,approved
https://example.org/person/22970,22970,Peter Dinklage,cast,2,http://www.wikidata.org/entity/Q310937,Peter Dinklage,nm0227759,http://dbpedia.org/resource/Peter_Dinklage,identifier,tmdb_person_id+name,1.00,approved
https://example.org/person/11184,11184,Warwick Davis,cast,2,http://www.wikidata.org/entity/Q108270,Warwick Davis,nm0001116,http://dbpedia.org/resource/Warwick_Davis,identifier,tmdb_person_id+name,1.00,approved
https://example.org/person/25133,25133,Vincent Grass,cast,1,http://www.wikidata.org/entity/Q366272,Vincent Grass,nm0335861,http://dbpedia.org/resource/Vincent_Grass,identifier,tmdb_person_id+name,1.00,approved
https://example.org/person/91606,91606,Tom Hiddleston,cast,1,http://www.wikidata.org/entity/Q295803,Tom Hiddleston,nm1089991,http://dbpedia.org/resource/Tom_Hiddleston,identifier,tmdb_person_id+name,1.00,approved
https://example.org/person/9048,9048,Clark Gregg,cast,3,http://www.wikidata.org/entity/Q113206,Clark Gregg,nm0163988,http://dbpedia.org/resource/Clark_Gregg,identifier,tmdb_person_id+name,1.00,approved
https://example.org/person/71189,71189,Cobie Smulders,cast,2,http://www.wikidata.org/entity/Q200566,Cobie Smulders,nm1130627,http://dbpedia.org/resource/Cobie_Smulders,identifier,tmdb_person_id+name,1.00,approved
https://example.org/person/955,955,Penélope Cruz,cast,1,http://www.wikidata.org/entity/Q39666,Penélope Cruz,nm0004851,http://dbpedia.org/resource/Penélope_Cruz,identifier,tmdb_person_id+name,1.00,approved
https://example.org/person/6972,6972,Ian McShane,cast,4,http://www.wikidata.org/entity/Q234141,Ian McShane,nm0574534,http://dbpedia.org/resource/Ian_McShane,identifier,tmdb_person_id+name,1.00,approved
https://example.org/person/237455,237455,Sam Claflin,cast,2,http://www.wikidata.org/entity/Q366833,Sam Claflin,nm3510471,http://dbpedia.org/resource/Sam_Claflin,identifier,tmdb_person_id+name,1.00,approved
https://example.org/person/469759,469759,Astrid Bergès-Frisbey,cast,1,http://www.wikidata.org/entity/Q234015,Àstrid Bergès-Frisbey,nm2793591,http://dbpedia.org/resource/Àstrid_Bergès-Frisbey,identifier,tmdb_person_id+name,1.00,approved
https://example.org/person/1115,1115,Stephen Graham,cast,1,http://www.wikidata.org/entity/Q442547,Stephen Graham,nm0334318,http://dbpedia.org/resource/Stephen_Graham,identifier,tmdb_person_id+name,1.00,approved
https://example.org/person/4031,4031,Greg Ellis,cast,1,http://www.wikidata.org/entity/Q1332872,Greg Ellis,nm0254862,http://dbpedia.org/resource/Greg_Ellis_(actor),identifier,tmdb_person_id+name,1.00,approved
https://example.org/person/1712,1712,Damian O'Hare,cast,1,http://www.wikidata.org/entity/Q1158461,Damian O'Hare,nm1400933,http://dbpedia.org/resource/Damian_O'Hare,identifier,tmdb_person_id+name,1.00,approved
https://example.org/person/2888,2888,Will Smith,cast,3,http://www.wikidata.org/entity/Q40096,Will Smith,nm0000226,http://dbpedia.org/resource/Will_Smith,identifier,tmdb_person_id+name,1.00,approved
https://example.org/person/2176,2176,Tommy Lee Jones,cast,1,http://www.wikidata.org/entity/Q170587,Tommy Lee Jones,nm0000169,http://dbpedia.org/resource/Tommy_Lee_Jones,identifier,tmdb_person_id+name,1.00,approved
https://example.org/person/16851,16851,Josh Brolin,cast,1,http://www.wikidata.org/entity/Q41396,Josh Brolin,nm0000982,http://dbpedia.org/resource/Josh_Brolin,identifier,tmdb_person_id+name,1.00,approved
https://example.org/person/72873,72873,Michael Stuhlbarg,cast,2,http://www.wikidata.org/entity/Q438445,Michael Stuhlbarg,nm0836121,http://dbpedia.org/resource/Michael_Stuhlbarg,identifier,tmdb_person_id+name,1.00,approved
https://example.org/person/7056,7056,Emma Thompson,cast,2,http://www.wikidata.org/entity/Q168724,Emma Thompson,nm0000668,http://dbpedia.org/resource/Emma_Thompson,identifier,tmdb_person_id+name,1.00,approved
https://example.org/person/55936,55936,Jemaine Clement,cast,1,http://www.wikidata.org/entity/Q439315,Jemaine Clement,nm1318596,http://dbpedia.org/resource/Jemaine_Clement,identifier,tmdb_person_id+name,1.00,approved
https://example.org/person/151246,151246,Nicole Scherzinger,cast,1,http://www.wikidata.org/entity/Q167696,Nicole Scherzinger,nm0970122,http://dbpedia.org/resource/Nicole_Scherzinger,identifier,tmdb_person_id+name,1.00,approved
https://example.org/person/59860,59860,Alice Eve,cast,1,http://www.wikidata.org/entity/Q232786,Alice Eve,nm1404408,http://dbpedia.org/resource/Alice_Eve,identifier,tmdb_person_id+name,1.00,approved
https://example.org/person/19278,19278,Bill Hader,cast,2,http://www.wikidata.org/entity/Q14537,Bill Hader,nm0352778,http://dbpedia.org/resource/Bill_Hader,identifier,tmdb_person_id+name,1.00,approved
https://example.org/person/87070,87070,Michael Chernus,cast,1,http://www.wikidata.org/entity/Q20630818,Michael Chernus,nm1985974,http://dbpedia.org/resource/Michael_Chernus,identifier,tmdb_person_id+name,1.00,approved
https://example.org/person/7060,7060,Martin Freeman,cast,3,http://www.wikidata.org/entity/Q309486,Martin Freeman,nm0293509,http://dbpedia.org/resource/Martin_Freeman,identifier,tmdb_person_id+name,1.00,approved
https://example.org/person/1327,1327,Ian McKellen,cast,6,http://www.wikidata.org/entity/Q170510,Ian McKellen,nm0005212,http://dbpedia.org/resource/Ian_McKellen,identifier,tmdb_person_id+name,1.00,approved
https://example.org/person/30315,30315,Richard Armitage,cast,3,http://www.wikidata.org/entity/Q181806,Richard Armitage,nm0035514,http://dbpedia.org/resource/Richard_Armitage_(actor),identifier,tmdb_person_id+name,1.00,approved
https://example.org/person/25136,25136,Ken Stott,cast,2,http://www.wikidata.org/entity/Q722927,Ken Stott,nm0832792,http://dbpedia.org/resource/Ken_Stott,identifier,tmdb_person_id+name,1.00,approved
https://example.org/person/95047,95047,Graham McTavish,cast,2,http://www.wikidata.org/entity/Q609464,Graham McTavish,nm0574615,http://dbpedia.org/resource/Graham_McTavish,identifier,tmdb_person_id+name,1.00,approved
https://example.org/person/67123,67123,William Kircher,cast,2,http://www.wikidata.org/entity/Q691354,William Kircher,nm0456270,http://dbpedia.org/resource/William_Kircher,identifier,tmdb_person_id+name,1.00,approved
https://example.org/person/34715,34715,James Nesbitt,cast,2,http://www.wikidata.org/entity/Q439174,James Nesbitt,nm0626362,http://dbpedia.org/resource/James_Nesbitt,identifier,tmdb_person_id+name,1.00,approved
https://example.org/person/1193834,1193834,Stephen Hunter,cast,2,http://www.wikidata.org/entity/Q1033115,Stephen Hunter,nm1053536,http://dbpedia.org/resource/Stephen_Hunter_(actor),identifier,tmdb_person_id+name,1.00,approved
https://example.org/person/152566,152566,Dean O'Gorman,cast,2,http://www.wikidata.org/entity/Q328618,Dean O'Gorman,nm0641063,http://dbpedia.org/resource/Dean_O'Gorman,identifier,tmdb_person_id+name,1.00,approved
https://example.org/person/207558,207558,Aidan Turner,cast,2,http://www.wikidata.org/entity/Q403905,Aidan Turner,nm2636108,http://dbpedia.org/resource/Aidan_Turner,identifier,tmdb_person_id+name,1.00,approved
https://example.org/person/37625,37625,Andrew Garfield,cast,2,http://www.wikidata.org/entity/Q23891,Andrew Garfield,nm1940449,http://dbpedia.org/resource/Andrew_Garfield,identifier,tmdb_person_id+name,1.00,approved
https://example.org/person/54693,54693,Emma Stone,cast,2,http://www.wikidata.org/entity/Q147077,Emma Stone,nm1297015,http://dbpedia.org/resource/Emma_Stone,identifier,tmdb_person_id+name,1.00,approved
https://example.org/person/7026,7026,Rhys Ifans,cast,1,http://www.wikidata.org/entity/Q215017,Rhys Ifans,nm0406975,http://dbpedia.org/resource/Rhys_Ifans,identifier,tmdb_person_id+name,1.00,approved
https://example.org/person/5724,5724,Denis Leary,cast,1,http://www.wikidata.org/entity/Q310283,Denis Leary,nm0001459,http://dbpedia.org/resource/Denis_Leary,identifier,tmdb_person_id+name,1.00,approved
https://example.org/person/55152,55152,Campbell Scott,cast,2,http://www.wikidata.org/entity/Q528527,Campbell Scott,nm0001714,http://dbpedia.org/resource/Campbell_Scott,identifier,tmdb_person_id+name,1.00,approved
https://example.org/person/76793,76793,Irrfan Khan,cast,2,http://www.wikidata.org/entity/Q360927,Irrfan Khan,nm0451234,http://dbpedia.org/resource/Irrfan_Khan,identifier,tmdb_person_id+name,1.00,approved
https://example.org/person/8349,8349,Martin Sheen,cast,1,http://www.wikidata.org/entity/Q184572,Martin Sheen,nm0000640,http://dbpedia.org/resource/Martin_Sheen,identifier,tmdb_person_id+name,1.00,approved
https://example.org/person/35,35,Sally Field,cast,2,http://www.wikidata.org/entity/Q187033,Sally Field,nm0000398,http://dbpedia.org/resource/Sally_Field,identifier,tmdb_person_id+name,1.00,approved
https://example.org/person/558928,558928,Max Charles,cast,2,http://www.wikidata.org/entity/Q2083541,Max Charles,nm1934618,http://dbpedia.org/resource/Max_Charles,identifier,tmdb_person_id+name,1.00,approved
https://example.org/person/231547,231547,Chris Zylka,cast,1,http://www.wikidata.org/entity/Q507888,Chris Zylka,nm3024712,http://dbpedia.org/resource/Chris_Zylka,identifier,tmdb_person_id+name,1.00,approved
https://example.org/person/112,112,Cate Blanchett,cast,3,http://www.wikidata.org/entity/Q80966,Cate Blanchett,nm0000949,http://dbpedia.org/resource/Cate_Blanchett,identifier,tmdb_person_id+name,1.00,approved
https://example.org/person/2201,2201,Max von Sydow,cast,2,http://www.wikidata.org/entity/Q203215,Max von Sydow,nm0001884,http://dbpedia.org/resource/Max_von_Sydow,identifier,tmdb_person_id+name,1.00,approved
https://example.org/person/227,227,William Hurt,cast,1,http://www.wikidata.org/entity/Q105825,William Hurt,nm0000458,http://dbpedia.org/resource/William_Hurt,identifier,tmdb_person_id+name,1.00,approved
https://example.org/person/25072,25072,Oscar Isaac,cast,2,http://www.wikidata.org/entity/Q336788,Oscar Isaac,nm1209966,http://dbpedia.org/resource/Oscar_Isaac,identifier,tmdb_person_id+name,1.00,approved
https://example.org/person/6413,6413,Danny Huston,cast,1,http://www.wikidata.org/entity/Q357762,Danny Huston,nm0396812,http://dbpedia.org/resource/Danny_Huston,identifier,tmdb_person_id+name,1.00,approved
https://example.org/person/20300,20300,Eileen Atkins,cast,1,http://www.wikidata.org/entity/Q269835,Eileen Atkins,nm0040586,http://dbpedia.org/resource/Eileen_Atkins,identifier,tmdb_person_id+name,1.00,approved
https://example.org/person/13633,13633,Mark Addy,cast,1,http://www.wikidata.org/entity/Q342430,Mark Addy,nm0004692,http://dbpedia.org/resource/Mark_Addy,identifier,tmdb_person_id+name,1.00,approved
https://example.org/person/15576,15576,Matthew Macfadyen,cast,1,http://www.wikidata.org/entity/Q314954,Matthew Macfadyen,nm0532193,http://dbpedia.org/resource/Matthew_Macfadyen,identifier,tmdb_person_id+name,1.00,approved
https://example.org/person/45589,45589,Dakota Blue Richards,cast,1,http://www.wikidata.org/entity/Q234585,Dakota Blue Richards,nm2301950,http://dbpedia.org/resource/Dakota_Blue_Richards,identifier,tmdb_person_id+name,1.00,approved
https://example.org/person/2227,2227,Nicole Kidman,cast,1,http://www.wikidata.org/entity/Q37459,Nicole Kidman,nm0000173,http://dbpedia.org/resource/Nicole_Kidman,identifier,tmdb_person_id+name,1.00,approved
https://example.org/person/16431,16431,Sam Elliott,cast,1,http://www.wikidata.org/entity/Q311314,Sam Elliott,nm0000385,http://dbpedia.org/resource/Sam_Elliott,identifier,tmdb_person_id+name,1.00,approved
https://example.org/person/10912,10912,Eva Green,cast,1,http://www.wikidata.org/entity/Q191644,Eva Green,nm1200692,http://dbpedia.org/resource/Eva_Green,identifier,tmdb_person_id+name,1.00,approved
https://example.org/person/1281,1281,Freddie Highmore,cast,1,http://www.wikidata.org/entity/Q296887,Freddie Highmore,nm0383603,http://dbpedia.org/resource/Freddie_Highmore,identifier,tmdb_person_id+name,1.00,approved
https://example.org/person/45585,45585,Ben Walker,cast,1,http://www.wikidata.org/entity/Q11337252,Ben Walker,nm2036501,,identifier,tmdb_person_id+name,1.00,approved
https://example.org/person/5470,5470,Kristin Scott Thomas,cast,1,http://www.wikidata.org/entity/Q208590,Kristin Scott Thomas,nm0000218,http://dbpedia.org/resource/Kristin_Scott_Thomas,identifier,tmdb_person_id+name,1.00,approved
https://example.org/person/3489,3489,Naomi Watts,cast,1,http://www.wikidata.org/entity/Q132616,Naomi Watts,nm0915208,http://dbpedia.org/resource/Naomi_Watts,identifier,tmdb_person_id+name,1.00,approved
https://example.org/person/70851,70851,Jack Black,cast,2,http://www.wikidata.org/entity/Q483907,Jack Black,nm0085312,http://dbpedia.org/resource/Jack_Black,identifier,tmdb_person_id+name,1.00,approved
https://example.org/person/3490,3490,Adrien Brody,cast,1,http://www.wikidata.org/entity/Q104514,Adrien Brody,nm0004778,http://dbpedia.org/resource/Adrien_Brody,identifier,tmdb_person_id+name,1.00,approved
https://example.org/person/3491,3491,Thomas Kretschmann,cast,2,http://www.wikidata.org/entity/Q57614,Thomas Kretschmann,nm0470981,http://dbpedia.org/resource/Thomas_Kretschmann,identifier,tmdb_person_id+name,1.00,approved
https://example.org/person/3492,3492,Colin Hanks,cast,1,http://www.wikidata.org/entity/Q318134,Colin Hanks,nm0004988,http://dbpedia.org/resource/Colin_Hanks,identifier,tmdb_person_id+name,1.00,approved
https://example.org/person/1333,1333,Andy Serkis,cast,3,http://www.wikidata.org/entity/Q206922,Andy Serkis,nm0785227,http://dbpedia.org/resource/Andy_Serkis,identifier,tmdb_person_id+name,1.00,approved
https://example.org/person/3493,3493,Evan Parke,cast,1,http://www.wikidata.org/entity/Q1334819,Evan Parke,nm0661992,http://dbpedia.org/resource/Evan_Parke,identifier,tmdb_person_id+name,1.00,approved
https://example.org/person/478,478,Jamie Bell,cast,1,http://www.wikidata.org/entity/Q297071,Jamie Bell,nm0068260,http://dbpedia.org/resource/Jamie_Bell,identifier,tmdb_person_id+name,1.00,approved
https://example.org/person/3494,3494,Lobo Chan,cast,1,http://www.wikidata.org/entity/Q2057840,Lobo Chan,nm0150999,http://dbpedia.org/resource/Lobo_Chan,identifier,tmdb_person_id+name,1.00,approved
https://example.org/person/3495,3495,John Sumner,cast,1,http://www.wikidata.org/entity/Q3809639,John Sumner,nm0838605,,identifier,tmdb_person_id+name,1.00,approved
https://example.org/person/204,204,Kate Winslet,cast,1,http://www.wikidata.org/entity/Q202765,Kate Winslet,nm0000701,http://dbpedia.org/resource/Kate_Winslet,identifier,tmdb_person_id+name,1.00,approved
https://example.org/person/6193,6193,Leonardo DiCaprio,cast,3,http://www.wikidata.org/entity/Q38111,Leonardo DiCaprio,nm0000138,http://dbpedia.org/resource/Leonardo_DiCaprio,identifier,tmdb_person_id+name,1.00,approved
https://example.org/person/3713,3713,Frances Fisher,cast,1,http://www.wikidata.org/entity/Q35011,Frances Fisher,nm0004920,http://dbpedia.org/resource/Frances_Fisher,identifier,tmdb_person_id+name,1.00,approved
https://example.org/person/1954,1954,Billy Zane,cast,1,http://www.wikidata.org/entity/Q205435,Billy Zane,nm0000708,http://dbpedia.org/resource/Billy_Zane,identifier,tmdb_person_id+name,1.00,approved
https://example.org/person/8534,8534,Kathy Bates,cast,1,http://www.wikidata.org/entity/Q544465,Kathy Bates,nm0000870,http://dbpedia.org/resource/Kathy_Bates,identifier,tmdb_person_id+name,1.00,approved
https://example.org/person/8535,8535,Gloria Stuart,cast,1,http://www.wikidata.org/entity/Q189407,Gloria Stuart,nm0001784,http://dbpedia.org/resource/Gloria_Stuart,identifier,tmdb_person_id+name,1.00,approved
https://example.org/person/2053,2053,Bill Paxton,cast,2,http://www.wikidata.org/entity/Q110374,Bill Paxton,nm0000200,http://dbpedia.org/resource/Bill_Paxton,identifier,tmdb_person_id+name,1.00,approved
https://example.org/person/1369,1369,Bernard Hill,cast,1,http://www.wikidata.org/entity/Q310515,Bernard Hill,nm0384060,http://dbpedia.org/resource/Bernard_Hill,identifier,tmdb_person_id+name,1.00,approved
https://example.org/person/2076,2076,David Warner,cast,1,http://www.wikidata.org/entity/Q363271,David Warner,nm0001831,http://dbpedia.org/resource/David_Warner_(actor),identifier,tmdb_person_id+name,1.00,approved
https://example.org/person/8536,8536,Victor Garber,cast,1,http://www.wikidata.org/entity/Q270664,Victor Garber,nm0001255,http://dbpedia.org/resource/Victor_Garber,identifier,tmdb_person_id+name,1.00,approved
https://example.org/person/60898,60898,Sebastian Stan,cast,2,http://www.wikidata.org/entity/Q455898,Sebastian Stan,nm1659221,http://dbpedia.org/resource/Sebastian_Stan,identifier,tmdb_person_id+name,1.00,approved
https://example.org/person/53650,53650,Anthony Mackie,cast,2,http://www.wikidata.org/entity/Q511554,Anthony Mackie,nm1107001,http://dbpedia.org/resource/Anthony_Mackie,identifier,tmdb_person_id+name,1.00,approved
https://example.org/person/172069,172069,Chadwick Boseman,cast,1,http://www.wikidata.org/entity/Q5066520,Chadwick Boseman,nm1569276,http://dbpedia.org/resource/Chadwick_Boseman,identifier,tmdb_person_id+name,1.00,approved
https://example.org/person/6162,6162,Paul Bettany,cast,3,http://www.wikidata.org/entity/Q242707,Paul Bettany,nm0079273,http://dbpedia.org/resource/Paul_Bettany,identifier,tmdb_person_id+name,1.00,approved
https://example.org/person/550843,550843,Elizabeth Olsen,cast,1,http://www.wikidata.org/entity/Q234644,Elizabeth Olsen,nm0647634,http://dbpedia.org/resource/Elizabeth_Olsen,identifier,tmdb_person_id+name,1.00,approved
https://example.org/person/28846,28846,Alexander Skarsgård,cast,2,http://www.wikidata.org/entity/Q310637,Alexander Skarsgård,nm0002907,http://dbpedia.org/resource/Alexander_Skarsgård,identifier,tmdb_person_id+name,1.00,approved
https://example.org/person/131519,131519,Rihanna,cast,1,http://www.wikidata.org/entity/Q36844,Rihanna,nm1982597,http://dbpedia.org/resource/Rihanna,identifier,tmdb_person_id+name,1.00,approved
https://example.org/person/131520,131520,Brooklyn Decker,cast,1,http://www.wikidata.org/entity/Q230282,Brooklyn Decker,nm2395937,http://dbpedia.org/resource/Brooklyn_Decker,identifier,tmdb_person_id+name,1.00,approved
https://example.org/person/13275,13275,Tadanobu Asano,cast,2,http://www.wikidata.org/entity/Q379824,Tadanobu Asano,nm0038355,http://dbpedia.org/resource/Tadanobu_Asano,identifier,tmdb_person_id+name,1.00,approved
https://example.org/person/3896,3896,Liam Neeson,cast,2,http://www.wikidata.org/entity/Q58444,Liam Neeson,nm0000553,http://dbpedia.org/resource/Liam_Neeson,identifier,tmdb_person_id+name,1.00,approved
https://example.org/person/1052162,1052162,Gregory D. Gadson,cast,1,http://www.wikidata.org/entity/Q5606871,Gregory D. Gadson,nm4748971,http://dbpedia.org/resource/Gregory_D._Gadson,identifier,tmdb_person_id+name,1.00,approved
https://example.org/person/184581,184581,Hamish Linklater,cast,1,http://www.wikidata.org/entity/Q558301,Hamish Linklater,nm0512934,http://dbpedia.org/resource/Hamish_Linklater,identifier,tmdb_person_id+name,1.00,approved
https://example.org/person/88124,88124,Jesse Plemons,cast,1,http://www.wikidata.org/entity/Q1138674,Jesse Plemons,nm0687146,http://dbpedia.org/resource/Jesse_Plemons,identifier,tmdb_person_id+name,1.00,approved
https://example.org/person/205406,205406,John Tui,cast,1,http://www.wikidata.org/entity/Q1059037,John Tui,nm1732270,http://dbpedia.org/resource/John_Tui,identifier,tmdb_person_id+name,1.00,approved
https://example.org/person/73457,73457,Chris Pratt,cast,2,http://www.wikidata.org/entity/Q503706,Chris Pratt,nm0695435,http://dbpedia.org/resource/Chris_Pratt,identifier,tmdb_person_id+name,1.00,approved
https://example.org/person/7132,7132,Vincent D'Onofrio,cast,1,http://www.wikidata.org/entity/Q320052,Vincent D'Onofrio,nm0000352,http://dbpedia.org/resource/Vincent_D'Onofrio,identifier,tmdb_person_id+name,1.00,approved
https://example.org/person/1108907,1108907,Nick Robinson,cast,1,http://www.wikidata.org/entity/Q2985242,Nick Robinson,nm3538718,http://dbpedia.org/resource/Nick_Robinson_(American_actor),identifier,tmdb_person_id+name,1.00,approved
https://example.org/person/17181,17181,Ty Simpkins,cast,1,http://www.wikidata.org/entity/Q545357,Ty Simpkins,nm1339223,http://dbpedia.org/resource/Ty_Simpkins,identifier,tmdb_person_id+name,1.00,approved
https://example.org/person/543505,543505,Jake Johnson,cast,1,http://www.wikidata.org/entity/Q171525,Jake Johnson,nm2159926,http://dbpedia.org/resource/Jake_Johnson,identifier,tmdb_person_id+name,1.00,approved
https://example.org/person/78423,78423,Omar Sy,cast,1,http://www.wikidata.org/entity/Q357387,Omar Sy,nm1082477,http://dbpedia.org/resource/Omar_Sy,identifier,tmdb_person_id+name,1.00,approved
https://example.org/person/14592,14592,BD Wong,cast,1,http://www.wikidata.org/entity/Q359207,BD Wong,nm0000703,http://dbpedia.org/resource/BD_Wong,identifier,tmdb_person_id+name,1.00,approved
https://example.org/person/20750,20750,Judy Greer,cast,2,http://www.wikidata.org/entity/Q236189,Judy Greer,nm0339460,http://dbpedia.org/resource/Judy_Greer,identifier,tmdb_person_id+name,1.00,approved
https://example.org/person/3810,3810,Javier Bardem,cast,1,http://www.wikidata.org/entity/Q134895,Javier Bardem,nm0000849,http://dbpedia.org/resource/Javier_Bardem,identifier,tmdb_person_id+name,1.00,approved
https://example.org/person/1030261,1030261,Bérénice Marlohe,cast,1,http://www.wikidata.org/entity/Q28463,Bérénice Marlohe,nm2966102,http://dbpedia.org/resource/Bérénice_Marlohe,identifier,tmdb_person_id+name,1.00,approved
https://example.org/person/3926,3926,Albert Finney,cast,1,http://www.wikidata.org/entity/Q219546,Albert Finney,nm0001215,http://dbpedia.org/resource/Albert_Finney,identifier,tmdb_person_id+name,1.00,approved
https://example.org/person/11045,11045,Ola Rapace,cast,1,http://www.wikidata.org/entity/Q521623,Ola Rapace,nm0635262,http://dbpedia.org/resource/Ola_Rapace,identifier,tmdb_person_id+name,1.00,approved
https://example.org/person/658,658,Alfred Molina,cast,2,http://www.wikidata.org/entity/Q296028,Alfred Molina,nm0000547,http://dbpedia.org/resource/Alfred_Molina,identifier,tmdb_person_id+name,1.00,approved
https://example.org/person/19154,19154,Daniel Gillies,cast,1,http://www.wikidata.org/entity/Q512006,Daniel Gillies,nm0319171,http://dbpedia.org/resource/Daniel_Gillies,identifier,tmdb_person_id+name,1.00,approved
https://example.org/person/19152,19152,Dylan Baker,cast,1,http://www.wikidata.org/entity/Q726128,Dylan Baker,nm0048414,http://dbpedia.org/resource/Dylan_Baker,identifier,tmdb_person_id+name,1.00,approved
https://example.org/person/12052,12052,Gwyneth Paltrow,cast,3,http://www.wikidata.org/entity/Q34460,Gwyneth Paltrow,nm0000569,http://dbpedia.org/resource/Gwyneth_Paltrow,identifier,tmdb_person_id+name,1.00,approved
https://example.org/person/529,529,Guy Pearce,cast,1,http://www.wikidata.org/entity/Q223745,Guy Pearce,nm0001602,http://dbpedia.org/resource/Guy_Pearce,identifier,tmdb_person_id+name,1.00,approved
https://example.org/person/15556,15556,Rebecca Hall,cast,1,http://www.wikidata.org/entity/Q230534,Rebecca Hall,nm0356017,http://dbpedia.org/resource/Rebecca_Hall,identifier,tmdb_person_id+name,1.00,approved
https://example.org/person/15277,15277,Jon Favreau,cast|director,4,http://www.wikidata.org/entity/Q295964,Jon Favreau,nm0269463,http://dbpedia.org/resource/Jon_Favreau,identifier,tmdb_person_id+name,1.00,approved
https://example.org/person/2282,2282,Ben Kingsley,cast,4,http://www.wikidata.org/entity/Q173158,Ben Kingsley,nm0001426,http://dbpedia.org/resource/Ben_Kingsley,identifier,tmdb_person_id+name,1.00,approved
https://example.org/person/121953,121953,Stephanie Szostak,cast,1,http://www.wikidata.org/entity/Q45827,Stephanie Szostak,nm1210895,http://dbpedia.org/resource/Stéphanie_Szostak,identifier,tmdb_person_id+name,1.00,approved
https://example.org/person/76070,76070,Mia Wasikowska,cast,1,http://www.wikidata.org/entity/Q228865,Mia Wasikowska,nm1985859,http://dbpedia.org/resource/Mia_Wasikowska,identifier,tmdb_person_id+name,1.00,approved
https://example.org/person/1064,1064,Crispin Glover,cast,1,http://www.wikidata.org/entity/Q310060,Crispin Glover,nm0000417,http://dbpedia.org/resource/Crispin_Glover,identifier,tmdb_person_id+name,1.00,approved
https://example.org/person/20982,20982,Marton Csokas,cast,1,http://www.wikidata.org/entity/Q315118,Marton Csokas,nm0190744,http://dbpedia.org/resource/Marton_Csokas,identifier,tmdb_person_id+name,1.00,approved
https://example.org/person/30083,30083,Lindsay Duncan,cast,1,http://www.wikidata.org/entity/Q242504,Lindsay Duncan,nm0242026,http://dbpedia.org/resource/Lindsay_Duncan,identifier,tmdb_person_id+name,1.00,approved
https://example.org/person/26209,26209,Matt Lucas,cast,1,http://www.wikidata.org/entity/Q317251,Matt Lucas,nm0524240,http://dbpedia.org/resource/Matt_Lucas,identifier,tmdb_person_id+name,1.00,approved
https://example.org/person/11855,11855,Geraldine James,cast,1,http://www.wikidata.org/entity/Q440926,Geraldine James,nm0416524,http://dbpedia.org/resource/Geraldine_James,identifier,tmdb_person_id+name,1.00,approved
https://example.org/person/11276,11276,Tim Pigott-Smith,cast,1,http://www.wikidata.org/entity/Q1334710,Tim Pigott-Smith,nm0683116,http://dbpedia.org/resource/Tim_Pigott-Smith,identifier,tmdb_person_id+name,1.00,approved
https://example.org/person/6968,6968,Hugh Jackman,cast,2,http://www.wikidata.org/entity/Q129591,Hugh Jackman,nm0413168,http://dbpedia.org/resource/Hugh_Jackman,identifier,tmdb_person_id+name,1.00,approved
https://example.org/person/4587,4587,Halle Berry,cast,2,http://www.wikidata.org/entity/Q1033016,Halle Berry,nm0000932,http://dbpedia.org/resource/Halle_Berry,identifier,tmdb_person_id+name,1.00,approved
https://example.org/person/2387,2387,Patrick Stewart,cast,2,http://www.wikidata.org/entity/Q16296,Patrick Stewart,nm0001772,http://dbpedia.org/resource/Patrick_Stewart,identifier,tmdb_person_id+name,1.00,approved
https://example.org/person/10696,10696,Famke Janssen,cast,1,http://www.wikidata.org/entity/Q190794,Famke Janssen,nm0000463,http://dbpedia.org/resource/Famke_Janssen,identifier,tmdb_person_id+name,1.00,approved
https://example.org/person/10690,10690,Anna Paquin,cast,2,http://www.wikidata.org/entity/Q199884,Anna Paquin,nm0001593,http://dbpedia.org/resource/Anna_Paquin,identifier,tmdb_person_id+name,1.00,approved
https://example.org/person/7090,7090,Kelsey Grammer,cast,2,http://www.wikidata.org/entity/Q196560,Kelsey Grammer,nm0001288,http://dbpedia.org/resource/Kelsey_Grammer,identifier,tmdb_person_id+name,1.00,approved
https://example.org/person/11023,11023,Shawn Ashmore,cast,1,http://www.wikidata.org/entity/Q313579,Shawn Ashmore,nm0039162,http://dbpedia.org/resource/Shawn_Ashmore,identifier,tmdb_person_id+name,1.00,approved
https://example.org/person/11022,11022,Aaron Stanford,cast,1,http://www.wikidata.org/entity/Q302786,Aaron Stanford,nm0822155,http://dbpedia.org/resource/Aaron_Stanford,identifier,tmdb_person_id+name,1.00,approved
https://example.org/person/27578,27578,Ellen Page,cast,3,http://www.wikidata.org/entity/Q173399,Elliot Page,nm0680983,http://dbpedia.org/resource/Elliot_Page,identifier,tmdb_person_id+name,1.00,approved
https://example.org/person/7904,7904,Billy Crystal,cast,1,http://www.wikidata.org/entity/Q186485,Billy Crystal,nm0000345,http://dbpedia.org/resource/Billy_Crystal,identifier,tmdb_person_id+name,1.00,approved
https://example.org/person/1230,1230,John Goodman,cast,2,http://www.wikidata.org/entity/Q215072,John Goodman,nm0000422,http://dbpedia.org/resource/John_Goodman,identifier,tmdb_person_id+name,1.00,approved
https://example.org/person/884,884,Steve Buscemi,cast,1,http://www.wikidata.org/entity/Q104061,Steve Buscemi,nm0000114,http://dbpedia.org/resource/Steve_Buscemi,identifier,tmdb_person_id+name,1.00,approved
https://example.org/person/15735,15735,Helen Mirren,cast,1,http://www.wikidata.org/entity/Q349391,Helen Mirren,nm0000545,http://dbpedia.org/resource/Helen_Mirren,identifier,tmdb_person_id+name,1.00,approved
https://example.org/person/1271300,1271300,Noah Johnston,cast,1,http://www.wikidata.org/entity/Q135668559,Noah Johnston,nm3096859,,identifier,tmdb_person_id+name,1.00,approved
https://example.org/person/21198,21198,Peter Sohn,cast|director,2,http://www.wikidata.org/entity/Q7177024,Peter Sohn,nm0812307,http://dbpedia.org/resource/Peter_Sohn,identifier,tmdb_person_id+name,1.00,approved
https://example.org/person/155649,155649,Joel Murray,cast,1,http://www.wikidata.org/entity/Q1120939,Joel Murray,nm0615063,http://dbpedia.org/resource/Joel_Murray,identifier,tmdb_person_id+name,1.00,approved
https://example.org/person/52601,52601,Sean Hayes,cast,1,http://www.wikidata.org/entity/Q223033,Sean Hayes,nm0005003,http://dbpedia.org/resource/Sean_Hayes,identifier,tmdb_person_id+name,1.00,approved
https://example.org/person/21290,21290,Dave Foley,cast,1,http://www.wikidata.org/entity/Q607793,Dave Foley,nm0004929,http://dbpedia.org/resource/Dave_Foley,identifier,tmdb_person_id+name,1.00,approved
https://example.org/person/95101,95101,Charlie Day,cast,2,http://www.wikidata.org/entity/Q365915,Charlie Day,nm0206359,http://dbpedia.org/resource/Charlie_Day,identifier,tmdb_person_id+name,1.00,approved
https://example.org/person/10959,10959,Shia LaBeouf,cast,3,http://www.wikidata.org/entity/Q180942,Shia LaBeouf,nm0479471,http://dbpedia.org/resource/Shia_LaBeouf,identifier,tmdb_person_id+name,1.00,approved
https://example.org/person/19537,19537,Megan Fox,cast,1,http://www.wikidata.org/entity/Q80069,Megan Fox,nm1083271,http://dbpedia.org/resource/Megan_Fox,identifier,tmdb_person_id+name,1.00,approved
https://example.org/person/19536,19536,Josh Duhamel,cast,2,http://www.wikidata.org/entity/Q19794,Josh Duhamel,nm0241049,http://dbpedia.org/resource/Josh_Duhamel,identifier,tmdb_person_id+name,1.00,approved
https://example.org/person/11678,11678,Rainn Wilson,cast,2,http://www.wikidata.org/entity/Q349548,Rainn Wilson,nm0933988,http://dbpedia.org/resource/Rainn_Wilson,identifier,tmdb_person_id+name,1.00,approved
https://example.org/person/8169,8169,Tyrese Gibson,cast,3,http://www.wikidata.org/entity/Q311232,Tyrese Gibson,nm0879085,http://dbpedia.org/resource/Tyrese_Gibson,identifier,tmdb_person_id+name,1.00,approved
https://example.org/person/1241,1241,John Turturro,cast,3,http://www.wikidata.org/entity/Q244234,John Turturro,nm0001806,http://dbpedia.org/resource/John_Turturro,identifier,tmdb_person_id+name,1.00,approved
https://example.org/person/14721,14721,Kevin Dunn,cast,1,http://www.wikidata.org/entity/Q706117,Kevin Dunn,nm0242656,http://dbpedia.org/resource/Kevin_Dunn,identifier,tmdb_person_id+name,1.00,approved
https://example.org/person/24305,24305,Julie White,cast,2,http://www.wikidata.org/entity/Q269802,Julie White,nm0925033,http://dbpedia.org/resource/Julie_White,identifier,tmdb_person_id+name,1.00,approved
https://example.org/person/72985,72985,Ramón Rodríguez,cast,1,http://www.wikidata.org/entity/Q967248,Ramón Rodríguez,nm1913125,http://dbpedia.org/resource/Ramón_Rodríguez_(actor),identifier,tmdb_person_id+name,1.00,approved
https://example.org/person/103554,103554,Isabel Lucas,cast,1,http://www.wikidata.org/entity/Q229416,Isabel Lucas,nm1456970,http://dbpedia.org/resource/Isabel_Lucas,identifier,tmdb_person_id+name,1.00,approved
https://example.org/person/13240,13240,Mark Wahlberg,cast,1,http://www.wikidata.org/entity/Q164119,Mark Wahlberg,nm0000242,http://dbpedia.org/resource/Mark_Wahlberg,identifier,tmdb_person_id+name,1.00,approved
https://example.org/person/2283,2283,Stanley Tucci,cast,2,http://www.wikidata.org/entity/Q223117,Stanley Tucci,nm0001804,http://dbpedia.org/resource/Stanley_Tucci,identifier,tmdb_person_id+name,1.00,approved
https://example.org/person/61186,61186,Nicola Peltz,cast,1,http://www.wikidata.org/entity/Q236347,Nicola Peltz,nm2443758,http://dbpedia.org/resource/Nicola_Peltz,identifier,tmdb_person_id+name,1.00,approved
https://example.org/person/1007683,1007683,Jack Reynor,cast,1,http://www.wikidata.org/entity/Q2791895,Jack Reynor,nm2930503,http://dbpedia.org/resource/Jack_Reynor,identifier,tmdb_person_id+name,1.00,approved
https://example.org/person/39389,39389,Titus Welliver,cast,1,http://www.wikidata.org/entity/Q437693,Titus Welliver,nm0920038,http://dbpedia.org/resource/Titus_Welliver,identifier,tmdb_person_id+name,1.00,approved
https://example.org/person/3971,3971,Sophia Myles,cast,1,http://www.wikidata.org/entity/Q229156,Sophia Myles,nm0617009,http://dbpedia.org/resource/Sophia_Myles,identifier,tmdb_person_id+name,1.00,approved
https://example.org/person/109432,109432,Li Bingbing,cast,1,http://www.wikidata.org/entity/Q254166,Li Bingbing,nm0508356,http://dbpedia.org/resource/Li_Bingbing,identifier,tmdb_person_id+name,1.00,approved
https://example.org/person/51990,51990,T.J. Miller,cast,3,http://www.wikidata.org/entity/Q1148822,T. J. Miller,nm2554352,http://dbpedia.org/resource/T.J._Miller,identifier,tmdb_person_id+name,1.00,approved
https://example.org/person/204100,204100,James Bachman,cast,1,http://www.wikidata.org/entity/Q1679998,James Bachman,nm0045480,http://dbpedia.org/resource/James_Bachman,identifier,tmdb_person_id+name,1.00,approved
https://example.org/person/18973,18973,Mila Kunis,cast,2,http://www.wikidata.org/entity/Q37628,Mila Kunis,nm0005109,http://dbpedia.org/resource/Mila_Kunis,identifier,tmdb_person_id+name,1.00,approved
https://example.org/person/3293,3293,Rachel Weisz,cast,1,http://www.wikidata.org/entity/Q134077,Rachel Weisz,nm0001838,http://dbpedia.org/resource/Rachel_Weisz,identifier,tmdb_person_id+name,1.00,approved
https://example.org/person/1812,1812,Michelle Williams,cast,1,http://www.wikidata.org/entity/Q156796,Michelle Williams,nm0931329,http://dbpedia.org/resource/Michelle_Williams_(actress),identifier,tmdb_person_id+name,1.00,approved
https://example.org/person/5367,5367,Zach Braff,cast,1,http://www.wikidata.org/entity/Q139330,Zach Braff,nm0103785,http://dbpedia.org/resource/Zach_Braff,identifier,tmdb_person_id+name,1.00,approved
https://example.org/person/8854,8854,Bill Cobbs,cast,1,http://www.wikidata.org/entity/Q862028,Bill Cobbs,nm0167850,http://dbpedia.org/resource/Bill_Cobbs,identifier,tmdb_person_id+name,1.00,approved
https://example.org/person/125025,125025,Joey King,cast,1,http://www.wikidata.org/entity/Q112536,Joey King,nm1428821,http://dbpedia.org/resource/Joey_King,identifier,tmdb_person_id+name,1.00,approved
https://example.org/person/19754,19754,Tony Cox,cast,1,http://www.wikidata.org/entity/Q589797,Tony Cox,nm0185272,http://dbpedia.org/resource/Tony_Cox_(actor),identifier,tmdb_person_id+name,1.00,approved
https://example.org/person/224723,224723,Stephen R. Hart,cast,1,http://www.wikidata.org/entity/Q7610310,Stephen R. Hart,nm1242679,http://dbpedia.org/resource/Stephen_R._Hart,identifier,tmdb_person_id+name,1.00,approved
https://example.org/person/123725,123725,Abigail Spencer,cast,1,http://www.wikidata.org/entity/Q321131,Abigail Spencer,nm0817844,http://dbpedia.org/resource/Abigail_Spencer,identifier,tmdb_person_id+name,1.00,approved
https://example.org/person/134,134,Jamie Foxx,cast,1,http://www.wikidata.org/entity/Q171905,Jamie Foxx,nm0004937,http://dbpedia.org/resource/Jamie_Foxx,identifier,tmdb_person_id+name,1.00,approved
https://example.org/person/122889,122889,Dane DeHaan,cast,1,http://www.wikidata.org/entity/Q860876,Dane DeHaan,nm2851530,http://dbpedia.org/resource/Dane_DeHaan,identifier,tmdb_person_id+name,1.00,approved
https://example.org/person/6368,6368,Embeth Davidtz,cast,1,http://www.wikidata.org/entity/Q260622,Embeth Davidtz,nm0001110,http://dbpedia.org/resource/Embeth_Davidtz,identifier,tmdb_person_id+name,1.00,approved
https://example.org/person/10132,10132,Colm Feore,cast,1,http://www.wikidata.org/entity/Q449679,Colm Feore,nm0272173,http://dbpedia.org/resource/Colm_Feore,identifier,tmdb_person_id+name,1.00,approved
https://example.org/person/13242,13242,Paul Giamatti,cast,1,http://www.wikidata.org/entity/Q208649,Paul Giamatti,nm0316079,http://dbpedia.org/resource/Paul_Giamatti,identifier,tmdb_person_id+name,1.00,approved
https://example.org/person/9828,9828,Garrett Hedlund,cast,1,http://www.wikidata.org/entity/Q298371,Garrett Hedlund,nm1330560,http://dbpedia.org/resource/Garrett_Hedlund,identifier,tmdb_person_id+name,1.00,approved
https://example.org/person/1229,1229,Jeff Bridges,cast,2,http://www.wikidata.org/entity/Q174843,Jeff Bridges,nm0000313,http://dbpedia.org/resource/Jeff_Bridges,identifier,tmdb_person_id+name,1.00,approved
https://example.org/person/59315,59315,Olivia Wilde,cast,1,http://www.wikidata.org/entity/Q200355,Olivia Wilde,nm1312575,http://dbpedia.org/resource/Olivia_Wilde,identifier,tmdb_person_id+name,1.00,approved
https://example.org/person/2547,2547,Bruce Boxleitner,cast,1,http://www.wikidata.org/entity/Q356156,Bruce Boxleitner,nm0000310,http://dbpedia.org/resource/Bruce_Boxleitner,identifier,tmdb_person_id+name,1.00,approved
https://example.org/person/60033,60033,Yaya DaCosta,cast,1,http://www.wikidata.org/entity/Q260211,Yaya DaCosta,nm1861624,http://dbpedia.org/resource/Yaya_DaCosta,identifier,tmdb_person_id+name,1.00,approved
https://example.org/person/86268,86268,Serinda Swan,cast,1,http://www.wikidata.org/entity/Q1369516,Serinda Swan,nm2100657,http://dbpedia.org/resource/Serinda_Swan,identifier,tmdb_person_id+name,1.00,approved
https://example.org/person/20403,20403,Beau Garrett,cast,1,http://www.wikidata.org/entity/Q236574,Beau Garrett,nm1683768,http://dbpedia.org/resource/Beau_Garrett,identifier,tmdb_person_id+name,1.00,approved
https://example.org/person/130108,130108,Elizabeth Mathis,cast,1,http://www.wikidata.org/entity/Q16732135,Elizabeth Mathis,nm1875044,http://dbpedia.org/resource/Elizabeth_Mathis,identifier,tmdb_person_id+name,1.00,approved
https://example.org/person/86269,86269,Amy Esterle,cast,1,,,,,name+filmography,no_candidate,0.00,not_found
https://example.org/person/887,887,Owen Wilson,cast,1,http://www.wikidata.org/entity/Q161916,Owen Wilson,nm0005562,http://dbpedia.org/resource/Owen_Wilson,identifier,tmdb_person_id+name,1.00,approved
https://example.org/person/15897,15897,Larry the Cable Guy,cast,1,http://www.wikidata.org/entity/Q331728,Larry the Cable Guy,nm1249256,http://dbpedia.org/resource/Larry_the_Cable_Guy,identifier,tmdb_person_id+name,1.00,approved
https://example.org/person/1246,1246,Emily Mortimer,cast,2,http://www.wikidata.org/entity/Q230308,Emily Mortimer,nm0607865,http://dbpedia.org/resource/Emily_Mortimer,identifier,tmdb_person_id+name,1.00,approved
https://example.org/person/1926,1926,Eddie Izzard,cast,1,http://www.wikidata.org/entity/Q254022,Suzy Eddie Izzard,nm0412850,http://dbpedia.org/resource/Eddie_Izzard,identifier,tmdb_person_id+name,1.00,approved
https://example.org/person/3266,3266,Joe Mantegna,cast,1,http://www.wikidata.org/entity/Q276269,Joe Mantegna,nm0001505,http://dbpedia.org/resource/Joe_Mantegna,identifier,tmdb_person_id+name,1.00,approved
https://example.org/person/31514,31514,Peter Jacobson,cast,1,http://www.wikidata.org/entity/Q313516,Peter Jacobson,nm0414772,http://dbpedia.org/resource/Peter_Jacobson,identifier,tmdb_person_id+name,1.00,approved
https://example.org/person/11357,11357,Bruce Campbell,cast,1,http://www.wikidata.org/entity/Q309932,Bruce Campbell,nm0132257,http://dbpedia.org/resource/Bruce_Campbell,identifier,tmdb_person_id+name,1.00,approved
https://example.org/person/10859,10859,Ryan Reynolds,cast,1,http://www.wikidata.org/entity/Q192682,Ryan Reynolds,nm0005351,http://dbpedia.org/resource/Ryan_Reynolds,identifier,tmdb_person_id+name,1.00,approved
https://example.org/person/59175,59175,Blake Lively,cast,1,http://www.wikidata.org/entity/Q162959,Blake Lively,nm0515116,http://dbpedia.org/resource/Blake_Lively,identifier,tmdb_person_id+name,1.00,approved
https://example.org/person/133,133,Peter Sarsgaard,cast,1,http://www.wikidata.org/entity/Q315099,Peter Sarsgaard,nm0765597,http://dbpedia.org/resource/Peter_Sarsgaard,identifier,tmdb_person_id+name,1.00,approved
https://example.org/person/504,504,Tim Robbins,cast,1,http://www.wikidata.org/entity/Q95048,Tim Robbins,nm0000209,http://dbpedia.org/resource/Tim_Robbins,identifier,tmdb_person_id+name,1.00,approved
https://example.org/person/7242,7242,Temuera Morrison,cast,1,http://www.wikidata.org/entity/Q529851,Temuera Morrison,nm0607325,http://dbpedia.org/resource/Temuera_Morrison,identifier,tmdb_person_id+name,1.00,approved
https://example.org/person/109942,109942,Jenna Craig,cast,1,,,,,name+filmography,no_candidate,0.00,not_found
https://example.org/person/4602,4602,Jon Tenney,cast,1,http://www.wikidata.org/entity/Q1321988,Jon Tenney,nm0855103,http://dbpedia.org/resource/Jon_Tenney,identifier,tmdb_person_id+name,1.00,approved
https://example.org/person/27107,27107,Mike Doyle,cast,1,http://www.wikidata.org/entity/Q6846614,Mike Doyle,nm0236451,http://dbpedia.org/resource/Mike_Doyle_(actor),identifier,tmdb_person_id+name,1.00,approved
https://example.org/person/147719,147719,NicK Jandl,cast,1,,,,,name+filmography,no_candidate,0.00,not_found
https://example.org/person/31,31,Tom Hanks,cast,2,http://www.wikidata.org/entity/Q2263,Tom Hanks,nm0000158,http://dbpedia.org/resource/Tom_Hanks,identifier,tmdb_person_id+name,1.00,approved
https://example.org/person/12898,12898,Tim Allen,cast,1,http://www.wikidata.org/entity/Q208408,Tim Allen,nm0000741,http://dbpedia.org/resource/Tim_Allen,identifier,tmdb_person_id+name,1.00,approved
https://example.org/person/13726,13726,Ned Beatty,cast,1,http://www.wikidata.org/entity/Q4212,Ned Beatty,nm0000885,http://dbpedia.org/resource/Ned_Beatty,identifier,tmdb_person_id+name,1.00,approved
https://example.org/person/3234,3234,Joan Cusack,cast,1,http://www.wikidata.org/entity/Q272946,Joan Cusack,nm0000349,http://dbpedia.org/resource/Joan_Cusack,identifier,tmdb_person_id+name,1.00,approved
https://example.org/person/2232,2232,Michael Keaton,cast,1,http://www.wikidata.org/entity/Q138005,Michael Keaton,nm0000474,http://dbpedia.org/resource/Michael_Keaton,identifier,tmdb_person_id+name,1.00,approved
https://example.org/person/2395,2395,Whoopi Goldberg,cast,1,http://www.wikidata.org/entity/Q49001,Whoopi Goldberg,nm0000155,http://dbpedia.org/resource/Whoopi_Goldberg,identifier,tmdb_person_id+name,1.00,approved
https://example.org/person/5149,5149,Bonnie Hunt,cast,1,http://www.wikidata.org/entity/Q272952,Bonnie Hunt,nm0001372,http://dbpedia.org/resource/Bonnie_Hunt,identifier,tmdb_person_id+name,1.00,approved
https://example.org/person/12900,12900,Wallace Shawn,cast,1,http://www.wikidata.org/entity/Q311068,Wallace Shawn,nm0001728,http://dbpedia.org/resource/Wallace_Shawn,identifier,tmdb_person_id+name,1.00,approved
https://example.org/person/7907,7907,John Ratzenberger,cast,3,http://www.wikidata.org/entity/Q374093,John Ratzenberger,nm0001652,http://dbpedia.org/resource/John_Ratzenberger,identifier,tmdb_person_id+name,1.00,approved
https://example.org/person/7167,7167,Don Rickles,cast,1,http://www.wikidata.org/entity/Q269890,Don Rickles,nm0725543,http://dbpedia.org/resource/Don_Rickles,identifier,tmdb_person_id+name,1.00,approved
https://example.org/person/21028,21028,Anton Yelchin,cast,3,http://www.wikidata.org/entity/Q314133,Anton Yelchin,nm0947338,http://dbpedia.org/resource/Anton_Yelchin,identifier,tmdb_person_id+name,1.00,approved
https://example.org/person/56455,56455,Moon Bloodgood,cast,1,http://www.wikidata.org/entity/Q239112,Moon Bloodgood,nm1291227,http://dbpedia.org/resource/Moon_Bloodgood,identifier,tmdb_person_id+name,1.00,approved
https://example.org/person/4238,4238,Common,cast,1,http://www.wikidata.org/entity/Q286022,Common,nm0996669,http://dbpedia.org/resource/Common_(rapper),identifier,tmdb_person_id+name,1.00,approved
https://example.org/person/76542,76542,Roland Kickinger,cast,1,http://www.wikidata.org/entity/Q89536,Roland Kickinger,nm0452199,http://dbpedia.org/resource/Roland_Kickinger,identifier,tmdb_person_id+name,1.00,approved
https://example.org/person/11086,11086,Michael Ironside,cast,1,http://www.wikidata.org/entity/Q344973,Michael Ironside,nm0000461,http://dbpedia.org/resource/Michael_Ironside,identifier,tmdb_person_id+name,1.00,approved
https://example.org/person/13724,13724,Jane Alexander,cast,1,http://www.wikidata.org/entity/Q242717,Jane Alexander,nm0000737,http://dbpedia.org/resource/Jane_Alexander,identifier,tmdb_person_id+name,1.00,approved
https://example.org/person/12835,12835,Vin Diesel,cast,3,http://www.wikidata.org/entity/Q178166,Vin Diesel,nm0004874,http://dbpedia.org/resource/Vin_Diesel,identifier,tmdb_person_id+name,1.00,approved
https://example.org/person/8167,8167,Paul Walker,cast,2,http://www.wikidata.org/entity/Q213864,Paul Walker,nm0908094,http://dbpedia.org/resource/Paul_Walker,identifier,tmdb_person_id+name,1.00,approved
https://example.org/person/18918,18918,Dwayne Johnson,cast,1,http://www.wikidata.org/entity/Q10738,Dwayne Johnson,nm0425005,http://dbpedia.org/resource/Dwayne_Johnson,identifier,tmdb_person_id+name,1.00,approved
https://example.org/person/8171,8171,Ludacris,cast,1,http://www.wikidata.org/entity/Q193676,Ludacris,nm0524839,http://dbpedia.org/resource/Ludacris,identifier,tmdb_person_id+name,1.00,approved
https://example.org/person/22123,22123,Jordana Brewster,cast,2,http://www.wikidata.org/entity/Q230827,Jordana Brewster,nm0108287,http://dbpedia.org/resource/Jordana_Brewster,identifier,tmdb_person_id+name,1.00,approved
https://example.org/person/938,938,Djimon Hounsou,cast,3,http://www.wikidata.org/entity/Q298682,Djimon Hounsou,nm0005023,http://dbpedia.org/resource/Djimon_Hounsou,identifier,tmdb_person_id+name,1.00,approved
https://example.org/person/57207,57207,Tony Jaa,cast,1,http://www.wikidata.org/entity/Q298551,Tony Jaa,nm1388074,http://dbpedia.org/resource/Tony_Jaa,identifier,tmdb_person_id+name,1.00,approved
https://example.org/person/997887,997887,Ronda Rousey,cast,1,http://www.wikidata.org/entity/Q242201,Ronda Rousey,nm3313925,http://dbpedia.org/resource/Ronda_Rousey,identifier,tmdb_person_id+name,1.00,approved
https://example.org/person/287,287,Brad Pitt,cast,1,http://www.wikidata.org/entity/Q35332,Brad Pitt,nm0000093,http://dbpedia.org/resource/Brad_Pitt,identifier,tmdb_person_id+name,1.00,approved
https://example.org/person/175826,175826,Mireille Enos,cast,1,http://www.wikidata.org/entity/Q28211,Mireille Enos,nm0257969,http://dbpedia.org/resource/Mireille_Enos,identifier,tmdb_person_id+name,1.00,approved
https://example.org/person/1027850,1027850,Abigail Hargrove,cast,1,http://www.wikidata.org/entity/Q21206803,Abigail Hargrove,nm4228422,,identifier,tmdb_person_id+name,1.00,approved
https://example.org/person/1186840,1186840,Sterling Jerins,cast,1,http://www.wikidata.org/entity/Q15148681,Sterling Jerins,nm3606106,http://dbpedia.org/resource/Sterling_Jerins,identifier,tmdb_person_id+name,1.00,approved
https://example.org/person/78050,78050,Elyes Gabel,cast,1,http://www.wikidata.org/entity/Q5368467,Elyes Gabel,nm1175468,http://dbpedia.org/resource/Elyes_Gabel,identifier,tmdb_person_id+name,1.00,approved
https://example.org/person/7219,7219,David Andrews,cast,2,http://www.wikidata.org/entity/Q330801,David Andrews,nm0028625,http://dbpedia.org/resource/David_Andrews_(actor),identifier,tmdb_person_id+name,1.00,approved
https://example.org/person/1180907,1180907,Daniella Kertesz,cast,1,http://www.wikidata.org/entity/Q6580510,Daniella Kertesz,nm2020146,http://dbpedia.org/resource/Daniella_Kertesz,identifier,tmdb_person_id+name,1.00,approved
https://example.org/person/119297,119297,Ludi Boeken,cast,1,http://www.wikidata.org/entity/Q13538517,Ludi Boeken,nm0091253,http://dbpedia.org/resource/Ludi_Boeken,identifier,tmdb_person_id+name,1.00,approved
https://example.org/person/2607,2607,Fana Mokoena,cast,1,http://www.wikidata.org/entity/Q3267105,Fana Mokoena,nm0596350,http://dbpedia.org/resource/Fana_Mokoena,identifier,tmdb_person_id+name,1.00,approved
https://example.org/person/5530,5530,James McAvoy,cast,3,http://www.wikidata.org/entity/Q193659,James McAvoy,nm0564215,http://dbpedia.org/resource/James_McAvoy,identifier,tmdb_person_id+name,1.00,approved
https://example.org/person/17288,17288,Michael Fassbender,cast,2,http://www.wikidata.org/entity/Q57147,Michael Fassbender,nm1055413,http://dbpedia.org/resource/Michael_Fassbender,identifier,tmdb_person_id+name,1.00,approved
https://example.org/person/72129,72129,Jennifer Lawrence,cast,2,http://www.wikidata.org/entity/Q189490,Jennifer Lawrence,nm2225369,http://dbpedia.org/resource/Jennifer_Lawrence,identifier,tmdb_person_id+name,1.00,approved
https://example.org/person/62064,62064,Chris Pine,cast,2,http://www.wikidata.org/entity/Q23466,Chris Pine,nm1517976,http://dbpedia.org/resource/Chris_Pine,identifier,tmdb_person_id+name,1.00,approved
https://example.org/person/17306,17306,Zachary Quinto,cast,2,http://www.wikidata.org/entity/Q139642,Zachary Quinto,nm0704270,http://dbpedia.org/resource/Zachary_Quinto,identifier,tmdb_person_id+name,1.00,approved
https://example.org/person/1372,1372,Karl Urban,cast,2,http://www.wikidata.org/entity/Q132430,Karl Urban,nm0881631,http://dbpedia.org/resource/Karl_Urban,identifier,tmdb_person_id+name,1.00,approved
https://example.org/person/11108,11108,Simon Pegg,cast,2,http://www.wikidata.org/entity/Q238464,Simon Pegg,nm0670408,http://dbpedia.org/resource/Simon_Pegg,identifier,tmdb_person_id+name,1.00,approved
https://example.org/person/68842,68842,John Cho,cast,2,http://www.wikidata.org/entity/Q312705,John Cho,nm0158626,http://dbpedia.org/resource/John_Cho,identifier,tmdb_person_id+name,1.00,approved
https://example.org/person/71580,71580,Benedict Cumberbatch,cast,1,http://www.wikidata.org/entity/Q244674,Benedict Cumberbatch,nm1212722,http://dbpedia.org/resource/Benedict_Cumberbatch,identifier,tmdb_person_id+name,1.00,approved
https://example.org/person/21089,21089,Bruce Greenwood,cast,1,http://www.wikidata.org/entity/Q342788,Bruce Greenwood,nm0339304,http://dbpedia.org/resource/Bruce_Greenwood,identifier,tmdb_person_id+name,1.00,approved
https://example.org/person/27811,27811,Peter Weller,cast,1,http://www.wikidata.org/entity/Q360477,Peter Weller,nm0000693,http://dbpedia.org/resource/Peter_Weller,identifier,tmdb_person_id+name,1.00,approved
https://example.org/person/3292,3292,Nicholas Hoult,cast,2,http://www.wikidata.org/entity/Q298347,Nicholas Hoult,nm0396558,http://dbpedia.org/resource/Nicholas_Hoult,identifier,tmdb_person_id+name,1.00,approved
https://example.org/person/73357,73357,Eleanor Tomlinson,cast,1,http://www.wikidata.org/entity/Q1582005,Eleanor Tomlinson,nm1870434,http://dbpedia.org/resource/Eleanor_Tomlinson,identifier,tmdb_person_id+name,1.00,approved
https://example.org/person/3061,3061,Ewan McGregor,cast,1,http://www.wikidata.org/entity/Q165518,Ewan McGregor,nm0000191,http://dbpedia.org/resource/Ewan_McGregor,identifier,tmdb_person_id+name,1.00,approved
https://example.org/person/1665,1665,Eddie Marsan,cast,2,http://www.wikidata.org/entity/Q45647,Eddie Marsan,nm0550371,http://dbpedia.org/resource/Eddie_Marsan,identifier,tmdb_person_id+name,1.00,approved
https://example.org/person/1125,1125,Ewen Bremner,cast,1,http://www.wikidata.org/entity/Q520651,Ewen Bremner,nm0001971,http://dbpedia.org/resource/Ewen_Bremner,identifier,tmdb_person_id+name,1.00,approved
https://example.org/person/53916,53916,Ralph Brown,cast,1,http://www.wikidata.org/entity/Q124357,Ralph Brown,nm0114460,http://dbpedia.org/resource/Ralph_Brown,identifier,tmdb_person_id+name,1.00,approved
https://example.org/person/36662,36662,Carey Mulligan,cast,1,http://www.wikidata.org/entity/Q219655,Carey Mulligan,nm1659547,http://dbpedia.org/resource/Carey_Mulligan,identifier,tmdb_person_id+name,1.00,approved
https://example.org/person/33192,33192,Joel Edgerton,cast,1,http://www.wikidata.org/entity/Q381768,Joel Edgerton,nm0249291,http://dbpedia.org/resource/Joel_Edgerton,identifier,tmdb_person_id+name,1.00,approved
https://example.org/person/1133349,1133349,Elizabeth Debicki,cast,1,http://www.wikidata.org/entity/Q5362676,Elizabeth Debicki,nm4456120,http://dbpedia.org/resource/Elizabeth_Debicki,identifier,tmdb_person_id+name,1.00,approved
https://example.org/person/52848,52848,Isla Fisher,cast,1,http://www.wikidata.org/entity/Q228638,Isla Fisher,nm0279545,http://dbpedia.org/resource/Isla_Fisher,identifier,tmdb_person_id+name,1.00,approved
https://example.org/person/76512,76512,Jason Clarke,cast,2,http://www.wikidata.org/entity/Q402764,Jason Clarke,nm0164809,http://dbpedia.org/resource/Jason_Clarke,identifier,tmdb_person_id+name,1.00,approved
https://example.org/person/35780,35780,Amitabh Bachchan,cast,1,http://www.wikidata.org/entity/Q9570,Amitabh Bachchan,nm0000821,http://dbpedia.org/resource/Amitabh_Bachchan,identifier,tmdb_person_id+name,1.00,approved
https://example.org/person/236851,236851,Callan McAuliffe,cast,1,http://www.wikidata.org/entity/Q923241,Callan McAuliffe,nm2786608,http://dbpedia.org/resource/Callan_McAuliffe,identifier,tmdb_person_id+name,1.00,approved
https://example.org/person/205474,205474,Adelaide Clemens,cast,1,http://www.wikidata.org/entity/Q45414,Adelaide Clemens,nm2564938,http://dbpedia.org/resource/Adelaide_Clemens,identifier,tmdb_person_id+name,1.00,approved
https://example.org/person/131,131,Jake Gyllenhaal,cast,1,http://www.wikidata.org/entity/Q133313,Jake Gyllenhaal,nm0350453,http://dbpedia.org/resource/Jake_Gyllenhaal,identifier,tmdb_person_id+name,1.00,approved
https://example.org/person/55412,55412,Steve Toussaint,cast,1,http://www.wikidata.org/entity/Q2347359,Steve Toussaint,nm0869750,http://dbpedia.org/resource/Steve_Toussaint,identifier,tmdb_person_id+name,1.00,approved
https://example.org/person/20286,20286,Toby Kebbell,cast,2,http://www.wikidata.org/entity/Q719359,Toby Kebbell,nm1527905,http://dbpedia.org/resource/Toby_Kebbell,identifier,tmdb_person_id+name,1.00,approved
https://example.org/person/52890,52890,Richard Coyle,cast,1,http://www.wikidata.org/entity/Q634365,Richard Coyle,nm0185404,http://dbpedia.org/resource/Richard_Coyle,identifier,tmdb_person_id+name,1.00,approved
https://example.org/person/32556,32556,Ronald Pickup,cast,1,http://www.wikidata.org/entity/Q4356744,Ronald Pickup,nm0681975,http://dbpedia.org/resource/Ronald_Pickup,identifier,tmdb_person_id+name,1.00,approved
https://example.org/person/54810,54810,Reece Ritchie,cast,1,http://www.wikidata.org/entity/Q1606018,Reece Ritchie,nm2201022,http://dbpedia.org/resource/Reece_Ritchie,identifier,tmdb_person_id+name,1.00,approved
https://example.org/person/587354,587354,Gísli Örn Garðarsson,cast,1,http://www.wikidata.org/entity/Q15929501,Gísli Örn Garðarsson,nm1458629,http://dbpedia.org/resource/Gísli_Örn_Garðarsson,identifier,tmdb_person_id+name,1.00,approved
https://example.org/person/17605,17605,Idris Elba,cast,3,http://www.wikidata.org/entity/Q342604,Idris Elba,nm0252961,http://dbpedia.org/resource/Idris_Elba,identifier,tmdb_person_id+name,1.00,approved
https://example.org/person/56365,56365,Charlie Hunnam,cast,1,http://www.wikidata.org/entity/Q356294,Charlie Hunnam,nm0402271,http://dbpedia.org/resource/Charlie_Hunnam,identifier,tmdb_person_id+name,1.00,approved
https://example.org/person/39659,39659,Burn Gorman,cast,1,http://www.wikidata.org/entity/Q981821,Burn Gorman,nm1218607,http://dbpedia.org/resource/Burn_Gorman,identifier,tmdb_person_id+name,1.00,approved
https://example.org/person/18054,18054,Rinko Kikuchi,cast,2,http://www.wikidata.org/entity/Q232499,Rinko Kikuchi,nm0452860,http://dbpedia.org/resource/Rinko_Kikuchi,identifier,tmdb_person_id+name,1.00,approved
https://example.org/person/94864,94864,Max Martini,cast,1,http://www.wikidata.org/entity/Q1189740,Max Martini,nm0242882,http://dbpedia.org/resource/Max_Martini,identifier,tmdb_person_id+name,1.00,approved
https://example.org/person/112692,112692,Robert Maillet,cast,1,http://www.wikidata.org/entity/Q589775,Robert Maillet,nm0537631,http://dbpedia.org/resource/Robert_Maillet,identifier,tmdb_person_id+name,1.00,approved
https://example.org/person/1038379,1038379,Robert Kazinsky,cast,1,http://www.wikidata.org/entity/Q3938329,Robert Kazinsky,nm2059117,http://dbpedia.org/resource/Robert_Kazinsky,identifier,tmdb_person_id+name,1.00,approved
https://example.org/person/118590,118590,Larry Joe Campbell,cast,1,http://www.wikidata.org/entity/Q949043,Larry Joe Campbell,nm0132660,http://dbpedia.org/resource/Larry_Joe_Campbell,identifier,tmdb_person_id+name,1.00,approved
https://example.org/person/6949,6949,John Malkovich,cast,1,http://www.wikidata.org/entity/Q172261,John Malkovich,nm0000518,http://dbpedia.org/resource/John_Malkovich,identifier,tmdb_person_id+name,1.00,approved
https://example.org/person/83586,83586,Ken Jeong,cast,1,http://www.wikidata.org/entity/Q440910,Ken Jeong,nm0421822,http://dbpedia.org/resource/Ken_Jeong,identifier,tmdb_person_id+name,1.00,approved
https://example.org/person/3910,3910,Frances McDormand,cast,2,http://www.wikidata.org/entity/Q204299,Frances McDormand,nm0000531,http://dbpedia.org/resource/Frances_McDormand,identifier,tmdb_person_id+name,1.00,approved
https://example.org/person/1331,1331,Hugo Weaving,cast,2,http://www.wikidata.org/entity/Q42204,Hugo Weaving,nm0915989,http://dbpedia.org/resource/Hugo_Weaving,identifier,tmdb_person_id+name,1.00,approved
https://example.org/person/1749,1749,Leonard Nimoy,cast,1,http://www.wikidata.org/entity/Q16345,Leonard Nimoy,nm0000559,http://dbpedia.org/resource/Leonard_Nimoy,identifier,tmdb_person_id+name,1.00,approved
https://example.org/person/236048,236048,Rosie Huntington-Whiteley,cast,1,http://www.wikidata.org/entity/Q212006,Rosie Huntington-Whiteley,nm2492819,http://dbpedia.org/resource/Rosie_Huntington-Whiteley,identifier,tmdb_person_id+name,1.00,approved
https://example.org/person/3,3,Harrison Ford,cast,1,http://www.wikidata.org/entity/Q81328,Harrison Ford,nm0000148,http://dbpedia.org/resource/Harrison_Ford,identifier,tmdb_person_id+name,1.00,approved
https://example.org/person/5538,5538,Ray Winstone,cast,3,http://www.wikidata.org/entity/Q310932,Ray Winstone,nm0935653,http://dbpedia.org/resource/Ray_Winstone,identifier,tmdb_person_id+name,1.00,approved
https://example.org/person/650,650,Karen Allen,cast,1,http://www.wikidata.org/entity/Q229137,Karen Allen,nm0000261,http://dbpedia.org/resource/Karen_Allen,identifier,tmdb_person_id+name,1.00,approved
https://example.org/person/5049,5049,John Hurt,cast,1,http://www.wikidata.org/entity/Q200405,John Hurt,nm0000457,http://dbpedia.org/resource/John_Hurt,identifier,tmdb_person_id+name,1.00,approved
https://example.org/person/36218,36218,Andrew Divoff,cast,1,http://www.wikidata.org/entity/Q465628,Andrew Divoff,nm0228678,http://dbpedia.org/resource/Andrew_Divoff,identifier,tmdb_person_id+name,1.00,approved
https://example.org/person/52761,52761,Igor Jijikine,cast,1,http://www.wikidata.org/entity/Q1383160,Igor Jijikine,nm1216826,http://dbpedia.org/resource/Igor_Jijikine,identifier,tmdb_person_id+name,1.00,approved
https://example.org/person/52762,52762,Pavel Lychnikoff,cast,1,http://www.wikidata.org/entity/Q304997,Pavel Lychnikoff,nm0527945,http://dbpedia.org/resource/Pasha_D._Lychnikoff,identifier,tmdb_person_id+name,1.00,approved
https://example.org/person/963134,963134,Raymond Ochoa,cast,1,http://www.wikidata.org/entity/Q2134235,Raymond Ochoa,nm2358105,http://dbpedia.org/resource/Raymond_Ochoa,identifier,tmdb_person_id+name,1.00,approved
https://example.org/person/1476748,1476748,Jack Bright,cast,1,,,,,name+filmography,no_candidate,0.00,not_found
https://example.org/person/1540680,1540680,Maleah Nipay-Padilla,cast,1,http://www.wikidata.org/entity/Q68451289,Maleah Nipay-Padilla,nm5558187,,identifier,tmdb_person_id+name,1.00,approved
https://example.org/person/1540681,1540681,Ryan Teeple,cast,1,,,,,name+filmography,no_candidate,0.00,not_found
https://example.org/person/1540682,1540682,Jack McGraw,cast,1,,,,,name+filmography,no_candidate,0.00,not_found
https://example.org/person/1348591,1348591,Marcus Scribner,cast,1,http://www.wikidata.org/entity/Q23831178,Marcus Scribner,nm3851090,http://dbpedia.org/resource/Marcus_Scribner,identifier,tmdb_person_id+name,1.00,approved
https://example.org/person/18324,18324,Steve Zahn,cast,1,http://www.wikidata.org/entity/Q491775,Steve Zahn,nm0001872,http://dbpedia.org/resource/Steve_Zahn,identifier,tmdb_person_id+name,1.00,approved
https://example.org/person/9015,9015,Kelly Macdonald,cast,1,http://www.wikidata.org/entity/Q230383,Kelly Macdonald,nm0531808,http://dbpedia.org/resource/Kelly_Macdonald,identifier,tmdb_person_id+name,1.00,approved
https://example.org/person/477,477,Julie Walters,cast,1,http://www.wikidata.org/entity/Q228747,Julie Walters,nm0910278,http://dbpedia.org/resource/Julie_Walters,identifier,tmdb_person_id+name,1.00,approved
https://example.org/person/9188,9188,Billy Connolly,cast,1,http://www.wikidata.org/entity/Q298838,Billy Connolly,nm0175262,http://dbpedia.org/resource/Billy_Connolly,identifier,tmdb_person_id+name,1.00,approved
https://example.org/person/9013,9013,Kevin McKidd,cast,1,http://www.wikidata.org/entity/Q312133,Kevin McKidd,nm0571727,http://dbpedia.org/resource/Kevin_McKidd,identifier,tmdb_person_id+name,1.00,approved
https://example.org/person/24264,24264,Craig Ferguson,cast,2,http://www.wikidata.org/entity/Q72867,Craig Ferguson,nm0272401,http://dbpedia.org/resource/Craig_Ferguson,identifier,tmdb_person_id+name,1.00,approved
https://example.org/person/1113604,1113604,Peigi Barker,cast,1,http://www.wikidata.org/entity/Q114743636,Peigi Barker,nm5104064,,identifier,tmdb_person_id+name,1.00,approved
https://example.org/person/1102427,1102427,Steven Cree,cast,1,http://www.wikidata.org/entity/Q21574198,Steven Cree,nm2189243,http://dbpedia.org/resource/Steven_Cree,identifier,tmdb_person_id+name,1.00,approved
https://example.org/person/137262,137262,Steve Purcell,cast|director,1,http://www.wikidata.org/entity/Q1390504,Steve Purcell,nm0700760,http://dbpedia.org/resource/Steve_Purcell,identifier,tmdb_person_id+name,1.00,approved
https://example.org/person/568657,568657,Sofia Boutella,cast,1,http://www.wikidata.org/entity/Q258777,Sofia Boutella,nm1154749,http://dbpedia.org/resource/Sofia_Boutella,identifier,tmdb_person_id+name,1.00,approved
https://example.org/person/592496,592496,Joe Taslim,cast,1,http://www.wikidata.org/entity/Q3459336,Joe Taslim,nm3029144,http://dbpedia.org/resource/Joe_Taslim,identifier,tmdb_person_id+name,1.00,approved
https://example.org/person/670,670,Ben Burtt,cast,1,http://www.wikidata.org/entity/Q816456,Ben Burtt,nm0123785,http://dbpedia.org/resource/Ben_Burtt,identifier,tmdb_person_id+name,1.00,approved
https://example.org/person/72754,72754,Elissa Knight,cast,1,http://www.wikidata.org/entity/Q3723336,Elissa Knight,nm2264184,http://dbpedia.org/resource/Elissa_Knight,identifier,tmdb_person_id+name,1.00,approved
https://example.org/person/60074,60074,Jeff Garlin,cast,1,http://www.wikidata.org/entity/Q983082,Jeff Garlin,nm0307531,http://dbpedia.org/resource/Jeff_Garlin,identifier,tmdb_person_id+name,1.00,approved
https://example.org/person/20753,20753,Fred Willard,cast,1,http://www.wikidata.org/entity/Q449521,Fred Willard,nm0929609,http://dbpedia.org/resource/Fred_Willard,identifier,tmdb_person_id+name,1.00,approved
https://example.org/person/11074,11074,Kathy Najimy,cast,1,http://www.wikidata.org/entity/Q235460,Kathy Najimy,nm0001562,http://dbpedia.org/resource/Kathy_Najimy,identifier,tmdb_person_id+name,1.00,approved
https://example.org/person/117081,117081,Teresa Ganzel,cast,1,http://www.wikidata.org/entity/Q7702142,Teresa Ganzel,nm0304679,http://dbpedia.org/resource/Teresa_Ganzel,identifier,tmdb_person_id+name,1.00,approved
https://example.org/person/35159,35159,Laraine Newman,cast,1,http://www.wikidata.org/entity/Q446290,Laraine Newman,nm0628170,http://dbpedia.org/resource/Laraine_Newman,identifier,tmdb_person_id+name,1.00,approved
https://example.org/person/72755,72755,MacInTalk,cast,1,,,,,name+filmography,no_candidate,0.00,not_found
https://example.org/person/59357,59357,Teddy Newton,cast,1,http://www.wikidata.org/entity/Q509725,Teddy Newton,nm0628599,http://dbpedia.org/resource/Teddy_Newton,identifier,tmdb_person_id+name,1.00,approved
https://example.org/person/66,66,Chris Tucker,cast,1,http://www.wikidata.org/entity/Q219717,Chris Tucker,nm0000676,http://dbpedia.org/resource/Chris_Tucker,identifier,tmdb_person_id+name,1.00,approved
https://example.org/person/18897,18897,Jackie Chan,cast,1,http://www.wikidata.org/entity/Q36970,Jackie Chan,nm0000329,http://dbpedia.org/resource/Jackie_Chan,identifier,tmdb_person_id+name,1.00,approved
https://example.org/person/9195,9195,Hiroyuki Sanada,cast,2,http://www.wikidata.org/entity/Q705522,Hiroyuki Sanada,nm0760796,http://dbpedia.org/resource/Hiroyuki_Sanada,identifier,tmdb_person_id+name,1.00,approved
https://example.org/person/2245,2245,Yvan Attal,cast,1,http://www.wikidata.org/entity/Q724208,Yvan Attal,nm0040939,http://dbpedia.org/resource/Yvan_Attal,identifier,tmdb_person_id+name,1.00,approved
https://example.org/person/3556,3556,Roman Polanski,cast,1,http://www.wikidata.org/entity/Q51552,Roman Polanski,nm0000591,http://dbpedia.org/resource/Roman_Polanski,identifier,tmdb_person_id+name,1.00,approved
https://example.org/person/41894,41894,Zhang Jingchu,cast,1,http://www.wikidata.org/entity/Q470244,Zhang Jingchu,nm1846368,http://dbpedia.org/resource/Zhang_Jingchu,identifier,tmdb_person_id+name,1.00,approved
https://example.org/person/4492,4492,Philip Baker Hall,cast,1,http://www.wikidata.org/entity/Q447669,Philip Baker Hall,nm0001311,http://dbpedia.org/resource/Philip_Baker_Hall,identifier,tmdb_person_id+name,1.00,approved
https://example.org/person/145633,145633,Noémie Lenoir,cast,1,http://www.wikidata.org/entity/Q265782,Noémie Lenoir,nm1105708,http://dbpedia.org/resource/Noémie_Lenoir,identifier,tmdb_person_id+name,1.00,approved
https://example.org/person/164945,164945,Sarah Shahi,cast,1,http://www.wikidata.org/entity/Q230530,Sarah Shahi,nm1083404,http://dbpedia.org/resource/Sarah_Shahi,identifier,tmdb_person_id+name,1.00,approved
https://example.org/person/3036,3036,John Cusack,cast,1,http://www.wikidata.org/entity/Q106175,John Cusack,nm0000131,http://dbpedia.org/resource/John_Cusack,identifier,tmdb_person_id+name,1.00,approved
https://example.org/person/2956,2956,Amanda Peet,cast,1,http://www.wikidata.org/entity/Q131332,Amanda Peet,nm0001605,http://dbpedia.org/resource/Amanda_Peet,identifier,tmdb_person_id+name,1.00,approved
https://example.org/person/5294,5294,Chiwetel Ejiofor,cast,1,http://www.wikidata.org/entity/Q317343,Chiwetel Ejiofor,nm0252230,http://dbpedia.org/resource/Chiwetel_Ejiofor,identifier,tmdb_person_id+name,1.00,approved
https://example.org/person/9030,9030,Thandie Newton,cast,1,http://www.wikidata.org/entity/Q229029,Thandiwe Newton,nm0628601,http://dbpedia.org/resource/Thandiwe_Newton,identifier,tmdb_person_id+name,1.00,approved
https://example.org/person/17485,17485,Oliver Platt,cast,1,http://www.wikidata.org/entity/Q343510,Oliver Platt,nm0001624,http://dbpedia.org/resource/Oliver_Platt,identifier,tmdb_person_id+name,1.00,approved
https://example.org/person/17867,17867,Tom McCarthy,cast,1,http://www.wikidata.org/entity/Q514527,Tom McCarthy,nm0565336,http://dbpedia.org/resource/Tom_McCarthy_(director),identifier,tmdb_person_id+name,1.00,approved
https://example.org/person/57755,57755,Woody Harrelson,cast,1,http://www.wikidata.org/entity/Q201279,Woody Harrelson,nm0000437,http://dbpedia.org/resource/Woody_Harrelson,identifier,tmdb_person_id+name,1.00,approved
https://example.org/person/2047,2047,Danny Glover,cast,1,http://www.wikidata.org/entity/Q192165,Danny Glover,nm0000418,http://dbpedia.org/resource/Danny_Glover,identifier,tmdb_person_id+name,1.00,approved
https://example.org/person/83852,83852,Liam James,cast,1,http://www.wikidata.org/entity/Q554506,Liam James,nm0416699,http://dbpedia.org/resource/Liam_James,identifier,tmdb_person_id+name,1.00,approved
https://example.org/person/74227,74227,Morgan Lily,cast,1,http://www.wikidata.org/entity/Q268076,Morgan Lily,nm2079681,http://dbpedia.org/resource/Morgan_Lily,identifier,tmdb_person_id+name,1.00,approved
https://example.org/person/206,206,Jim Carrey,cast,1,http://www.wikidata.org/entity/Q40504,Jim Carrey,nm0000120,http://dbpedia.org/resource/Jim_Carrey,identifier,tmdb_person_id+name,1.00,approved
https://example.org/person/78311,78311,Steve Valentine,cast,1,http://www.wikidata.org/entity/Q129160,Steve Valentine,nm0884313,http://dbpedia.org/resource/Steve_Valentine,identifier,tmdb_person_id+name,1.00,approved
https://example.org/person/57675,57675,Daryl Sabara,cast,1,http://www.wikidata.org/entity/Q271469,Daryl Sabara,nm0754512,http://dbpedia.org/resource/Daryl_Sabara,identifier,tmdb_person_id+name,1.00,approved
https://example.org/person/558926,558926,Sage Ryan,cast,1,,,,,name+filmography,no_candidate,0.00,not_found
https://example.org/person/1074139,1074139,Amber Gainey Meade,cast,1,,,,,name+filmography,no_candidate,0.00,not_found
https://example.org/person/492081,492081,Ryan Ochoa,cast,1,http://www.wikidata.org/entity/Q552475,Ryan Ochoa,nm2452327,http://dbpedia.org/resource/Ryan_Ochoa,identifier,tmdb_person_id+name,1.00,approved
https://example.org/person/1074140,1074140,Bobbi Page,cast,1,http://www.wikidata.org/entity/Q112670452,Bobbi Page,nm0656116,,identifier,tmdb_person_id+name,1.00,approved
https://example.org/person/60602,60602,Ron Bottitta,cast,1,http://www.wikidata.org/entity/Q7363560,Ron Bottitta,nm1714720,,identifier,tmdb_person_id+name,1.00,approved
https://example.org/person/61831,61831,Sammi Hanratty,cast,1,http://www.wikidata.org/entity/Q444450,Sammi Hanratty,nm1767820,http://dbpedia.org/resource/Sammi_Hanratty,identifier,tmdb_person_id+name,1.00,approved
https://example.org/person/38673,38673,Channing Tatum,cast,2,http://www.wikidata.org/entity/Q212064,Channing Tatum brooklyns bf,nm1475594,http://dbpedia.org/resource/Channing_Tatum,identifier,tmdb_person_id+name,1.00,approved
https://example.org/person/48,48,Sean Bean,cast,1,http://www.wikidata.org/entity/Q191104,Sean Bean,nm0000293,http://dbpedia.org/resource/Sean_Bean,identifier,tmdb_person_id+name,1.00,approved
https://example.org/person/37632,37632,Eddie Redmayne,cast,1,http://www.wikidata.org/entity/Q28288,Eddie Redmayne,nm1519666,http://dbpedia.org/resource/Eddie_Redmayne,identifier,tmdb_person_id+name,1.00,approved
https://example.org/person/230680,230680,Douglas Booth,cast,1,http://www.wikidata.org/entity/Q554412,Douglas Booth,nm3150488,http://dbpedia.org/resource/Douglas_Booth,identifier,tmdb_person_id+name,1.00,approved
https://example.org/person/89822,89822,Tuppence Middleton,cast,1,http://www.wikidata.org/entity/Q2460289,Tuppence Middleton,nm3095562,http://dbpedia.org/resource/Tuppence_Middleton,identifier,tmdb_person_id+name,1.00,approved
https://example.org/person/1216606,1216606,Gugu Mbatha-Raw,cast,1,http://www.wikidata.org/entity/Q3119298,Gugu Mbatha-Raw,nm1813221,http://dbpedia.org/resource/Gugu_Mbatha-Raw,identifier,tmdb_person_id+name,1.00,approved
https://example.org/person/109319,109319,Nikki Amuka-Bird,cast,1,http://www.wikidata.org/entity/Q1752126,Nikki Amuka-Bird,nm0025458,http://dbpedia.org/resource/Nikki_Amuka-Bird,identifier,tmdb_person_id+name,1.00,approved
https://example.org/person/47625,47625,Christina Cole,cast,1,http://www.wikidata.org/entity/Q1189407,Christina Cole,nm1268047,http://dbpedia.org/resource/Christina_Cole,identifier,tmdb_person_id+name,1.00,approved
https://example.org/person/1360221,1360221,Nicholas A. Newman,cast,1,,,,,name+filmography,no_candidate,0.00,not_found
https://example.org/person/234352,234352,Margot Robbie,cast,2,http://www.wikidata.org/entity/Q1924847,Margot Robbie,nm3053338,http://dbpedia.org/resource/Margot_Robbie,identifier,tmdb_person_id+name,1.00,approved
https://example.org/person/1026019,1026019,Casper Crump,cast,1,http://www.wikidata.org/entity/Q12305526,Casper Crump,nm3354565,http://dbpedia.org/resource/Casper_Crump,identifier,tmdb_person_id+name,1.00,approved
https://example.org/person/1029045,1029045,Yule Masiteng,cast,1,http://www.wikidata.org/entity/Q72044122,Yule Masiteng,nm1464828,,identifier,tmdb_person_id+name,1.00,approved
https://example.org/person/21343,21343,Ben Chaplin,cast,1,http://www.wikidata.org/entity/Q447397,Ben Chaplin,nm0001035,http://dbpedia.org/resource/Ben_Chaplin,identifier,tmdb_person_id+name,1.00,approved
https://example.org/person/1795843,1795843,Sidney Ralitsoele,cast,1,,,,,name+filmography,no_candidate,0.00,not_found
https://example.org/person/3063,3063,Tilda Swinton,cast,1,http://www.wikidata.org/entity/Q200534,Tilda Swinton,nm0842770,http://dbpedia.org/resource/Tilda_Swinton,identifier,tmdb_person_id+name,1.00,approved
https://example.org/person/5531,5531,Kiran Shah,cast,1,http://www.wikidata.org/entity/Q709329,Kiran Shah,nm0787449,http://dbpedia.org/resource/Kiran_Shah,identifier,tmdb_person_id+name,1.00,approved
https://example.org/person/2467,2467,James Cosmo,cast,1,http://www.wikidata.org/entity/Q733122,James Cosmo,nm0181920,http://dbpedia.org/resource/James_Cosmo,identifier,tmdb_person_id+name,1.00,approved
https://example.org/person/9827,9827,Rose Byrne,cast,1,http://www.wikidata.org/entity/Q228717,Rose Byrne,nm0126284,http://dbpedia.org/resource/Rose_Byrne,identifier,tmdb_person_id+name,1.00,approved
https://example.org/person/55089,55089,Evan Peters,cast,1,http://www.wikidata.org/entity/Q785270,Evan Peters,nm1404239,http://dbpedia.org/resource/Evan_Peters,identifier,tmdb_person_id+name,1.00,approved
https://example.org/person/1056053,1056053,Josh Helman,cast,1,http://www.wikidata.org/entity/Q5799862,Josh Helman,nm2890541,http://dbpedia.org/resource/Josh_Helman,identifier,tmdb_person_id+name,1.00,approved
https://example.org/person/1001657,1001657,Sophie Turner,cast,1,http://www.wikidata.org/entity/Q240573,Sophie Turner,nm3849842,http://dbpedia.org/resource/Sophie_Turner,identifier,tmdb_person_id+name,1.00,approved
https://example.org/person/1034681,1034681,Tye Sheridan,cast,1,http://www.wikidata.org/entity/Q760896,Tye Sheridan,nm4446467,http://dbpedia.org/resource/Tye_Sheridan,identifier,tmdb_person_id+name,1.00,approved
https://example.org/person/1810,1810,Heath Ledger,cast,1,http://www.wikidata.org/entity/Q40572,Heath Ledger,nm0005132,http://dbpedia.org/resource/Heath_Ledger,identifier,tmdb_person_id+name,1.00,approved
https://example.org/person/6383,6383,Aaron Eckhart,cast,1,http://www.wikidata.org/entity/Q192643,Aaron Eckhart,nm0001173,http://dbpedia.org/resource/Aaron_Eckhart,identifier,tmdb_person_id+name,1.00,approved
https://example.org/person/1579,1579,Maggie Gyllenhaal,cast,1,http://www.wikidata.org/entity/Q202381,Maggie Gyllenhaal,nm0350454,http://dbpedia.org/resource/Maggie_Gyllenhaal,identifier,tmdb_person_id+name,1.00,approved
https://example.org/person/53651,53651,Monique Gabriela Curnen,cast,1,http://www.wikidata.org/entity/Q456426,Monique Gabriela Curnen,nm1010931,http://dbpedia.org/resource/Monique_Gabriela_Curnen,identifier,tmdb_person_id+name,1.00,approved
https://example.org/person/57597,57597,Ron Dean,cast,1,http://www.wikidata.org/entity/Q7363691,Ron Dean,nm0212939,http://dbpedia.org/resource/Ron_Dean,identifier,tmdb_person_id+name,1.00,approved
https://example.org/person/68812,68812,Ed Asner,cast,1,http://www.wikidata.org/entity/Q154421,Ed Asner,nm0000799,http://dbpedia.org/resource/Ed_Asner,identifier,tmdb_person_id+name,1.00,approved
https://example.org/person/290,290,Christopher Plummer,cast,1,http://www.wikidata.org/entity/Q190523,Christopher Plummer,nm0001626,http://dbpedia.org/resource/Christopher_Plummer,identifier,tmdb_person_id+name,1.00,approved
https://example.org/person/80676,80676,Jordan Nagai,cast,1,http://www.wikidata.org/entity/Q4259780,Jordan Nagai,nm2973712,http://dbpedia.org/resource/Jordan_Nagai,identifier,tmdb_person_id+name,1.00,approved
https://example.org/person/10,10,Bob Peterson,cast,1,http://www.wikidata.org/entity/Q740682,Bob Peterson,nm0677037,http://dbpedia.org/resource/Bob_Peterson_(filmmaker),identifier,tmdb_person_id+name,1.00,approved
https://example.org/person/18792,18792,Delroy Lindo,cast,1,http://www.wikidata.org/entity/Q362559,Delroy Lindo,nm0005148,http://dbpedia.org/resource/Delroy_Lindo,identifier,tmdb_person_id+name,1.00,approved
https://example.org/person/7960,7960,Jerome Ranft,cast,1,http://www.wikidata.org/entity/Q29940924,Jerome Ranft,nm0710019,,identifier,tmdb_person_id+name,1.00,approved
https://example.org/person/84490,84490,David Kaye,cast,1,http://www.wikidata.org/entity/Q3018199,David Kaye,nm0443286,http://dbpedia.org/resource/David_Kaye_(voice_actor),identifier,tmdb_person_id+name,1.00,approved
https://example.org/person/84491,84491,Elie Docter,cast,1,,,,,name+filmography,no_candidate,0.00,not_found
https://example.org/person/84492,84492,Jeremy Leary,cast,1,,,,,name+filmography,no_candidate,0.00,not_found
https://example.org/person/19274,19274,Seth Rogen,cast,1,http://www.wikidata.org/entity/Q220308,Seth Rogen,nm0736622,http://dbpedia.org/resource/Seth_Rogen,identifier,tmdb_person_id+name,1.00,approved
https://example.org/person/368,368,Reese Witherspoon,cast,1,http://www.wikidata.org/entity/Q44063,Reese Witherspoon,nm0000702,http://dbpedia.org/resource/Reese_Witherspoon,identifier,tmdb_person_id+name,1.00,approved
https://example.org/person/41419,41419,Hugh Laurie,cast,2,http://www.wikidata.org/entity/Q49017,Hugh Laurie,nm0491402,http://dbpedia.org/resource/Hugh_Laurie,identifier,tmdb_person_id+name,1.00,approved
https://example.org/person/22226,22226,Paul Rudd,cast,1,http://www.wikidata.org/entity/Q276525,Paul Rudd,nm0748620,http://dbpedia.org/resource/Paul_Rudd,identifier,tmdb_person_id+name,1.00,approved
https://example.org/person/2628,2628,Kiefer Sutherland,cast,1,http://www.wikidata.org/entity/Q103946,Kiefer Sutherland,nm0000662,http://dbpedia.org/resource/Kiefer_Sutherland,identifier,tmdb_person_id+name,1.00,approved
https://example.org/person/21200,21200,Will Arnett,cast,1,http://www.wikidata.org/entity/Q355116,Will Arnett,nm0004715,http://dbpedia.org/resource/Will_Arnett,identifier,tmdb_person_id+name,1.00,approved
https://example.org/person/58769,58769,Stephen Colbert,cast,1,http://www.wikidata.org/entity/Q212886,Stephen Colbert,nm0170306,http://dbpedia.org/resource/Stephen_Colbert,identifier,tmdb_person_id+name,1.00,approved
https://example.org/person/78303,78303,Jimmy Kimmel,cast,1,http://www.wikidata.org/entity/Q4914,Jimmy Kimmel,nm0453994,http://dbpedia.org/resource/Jimmy_Kimmel,identifier,tmdb_person_id+name,1.00,approved
https://example.org/person/18288,18288,Terrence Howard,cast,1,http://www.wikidata.org/entity/Q296500,Terrence Howard,nm0005024,http://dbpedia.org/resource/Terrence_Howard,identifier,tmdb_person_id+name,1.00,approved
https://example.org/person/17857,17857,Shaun Toub,cast,1,http://www.wikidata.org/entity/Q144643,Shaun Toub,nm0869467,http://dbpedia.org/resource/Shaun_Toub,identifier,tmdb_person_id+name,1.00,approved
https://example.org/person/57452,57452,Faran Tahir,cast,1,http://www.wikidata.org/entity/Q371972,Faran Tahir,nm0846687,http://dbpedia.org/resource/Faran_Tahir,identifier,tmdb_person_id+name,1.00,approved
https://example.org/person/57451,57451,Leslie Bibb,cast,1,http://www.wikidata.org/entity/Q239453,Leslie Bibb,nm0004753,http://dbpedia.org/resource/Leslie_Bibb,identifier,tmdb_person_id+name,1.00,approved
https://example.org/person/163671,163671,Will Lyman,cast,1,http://www.wikidata.org/entity/Q1629137,Will Lyman,nm0528164,http://dbpedia.org/resource/Will_Lyman,identifier,tmdb_person_id+name,1.00,approved
https://example.org/person/6730,6730,Sacha Baron Cohen,cast,1,http://www.wikidata.org/entity/Q29055,Sacha Baron Cohen,nm0056187,http://dbpedia.org/resource/Sacha_Baron_Cohen,identifier,tmdb_person_id+name,1.00,approved
https://example.org/person/77996,77996,Asa Butterfield,cast,1,http://www.wikidata.org/entity/Q312524,Asa Butterfield,nm2633535,http://dbpedia.org/resource/Asa_Butterfield,identifier,tmdb_person_id+name,1.00,approved
https://example.org/person/56734,56734,Chloë Grace Moretz,cast,1,http://www.wikidata.org/entity/Q4509,Chloë Grace Moretz,nm1631269,http://dbpedia.org/resource/Chloë_Grace_Moretz,identifier,tmdb_person_id+name,1.00,approved
https://example.org/person/113,113,Christopher Lee,cast,2,http://www.wikidata.org/entity/Q180338,Christopher Lee,nm0000489,http://dbpedia.org/resource/Christopher_Lee,identifier,tmdb_person_id+name,1.00,approved
https://example.org/person/15737,15737,Helen McCrory,cast,1,http://www.wikidata.org/entity/Q231310,Helen McCrory,nm0567031,http://dbpedia.org/resource/Helen_McCrory,identifier,tmdb_person_id+name,1.00,approved
https://example.org/person/47468,47468,Frances de la Tour,cast,1,http://www.wikidata.org/entity/Q233457,Frances de la Tour,nm0209428,http://dbpedia.org/resource/Frances_de_la_Tour,identifier,tmdb_person_id+name,1.00,approved
https://example.org/person/8945,8945,Kevin Kline,cast,1,http://www.wikidata.org/entity/Q105817,Kevin Kline,nm0000177,http://dbpedia.org/resource/Kevin_Kline,identifier,tmdb_person_id+name,1.00,approved
https://example.org/person/11181,11181,Kenneth Branagh,cast,1,http://www.wikidata.org/entity/Q55294,Kenneth Branagh,nm0000110,http://dbpedia.org/resource/Kenneth_Branagh,identifier,tmdb_person_id+name,1.00,approved
https://example.org/person/3136,3136,Salma Hayek,cast,1,http://www.wikidata.org/entity/Q125106,Salma Hayek,nm0000161,http://dbpedia.org/resource/Salma_Hayek,identifier,tmdb_person_id+name,1.00,approved
https://example.org/person/588,588,M. Emmet Walsh,cast,1,http://www.wikidata.org/entity/Q498420,M. Emmet Walsh,nm0001826,http://dbpedia.org/resource/M._Emmet_Walsh,identifier,tmdb_person_id+name,1.00,approved
https://example.org/person/15854,15854,Ted Levine,cast,2,http://www.wikidata.org/entity/Q433520,Ted Levine,nm0505971,http://dbpedia.org/resource/Ted_Levine,identifier,tmdb_person_id+name,1.00,approved
https://example.org/person/55254,55254,Frederique van der Wal,cast,1,http://www.wikidata.org/entity/Q2326640,Frederique van der Wal,nm0886479,http://dbpedia.org/resource/Frederique_van_der_Wal,identifier,tmdb_person_id+name,1.00,approved
https://example.org/person/1475,1475,Musetta Vander,cast,1,http://www.wikidata.org/entity/Q432309,Musetta Vander,nm0888727,http://dbpedia.org/resource/Musetta_Vander,identifier,tmdb_person_id+name,1.00,approved
https://example.org/person/55255,55255,Sofia Eng,cast,1,http://www.wikidata.org/entity/Q133234201,Sofia Eng,nm0256998,,identifier,tmdb_person_id+name,1.00,approved
https://example.org/person/31647,31647,Garcelle Beauvais,cast,1,http://www.wikidata.org/entity/Q450219,Garcelle Beauvais,nm0004731,http://dbpedia.org/resource/Garcelle_Beauvais,identifier,tmdb_person_id+name,1.00,approved
https://example.org/person/18269,18269,Brendan Fraser,cast,1,http://www.wikidata.org/entity/Q193555,Brendan Fraser,nm0000409,http://dbpedia.org/resource/Brendan_Fraser,identifier,tmdb_person_id+name,1.00,approved
https://example.org/person/1336,1336,Jet Li,cast,1,http://www.wikidata.org/entity/Q159577,Jet Li,nm0001472,http://dbpedia.org/resource/Jet_Li,identifier,tmdb_person_id+name,1.00,approved
https://example.org/person/10727,10727,John Hannah,cast,1,http://www.wikidata.org/entity/Q298243,John Hannah,nm0001314,http://dbpedia.org/resource/John_Hannah_(actor),identifier,tmdb_person_id+name,1.00,approved
https://example.org/person/49,49,Maria Bello,cast,1,http://www.wikidata.org/entity/Q229220,Maria Bello,nm0004742,http://dbpedia.org/resource/Maria_Bello,identifier,tmdb_person_id+name,1.00,approved
https://example.org/person/55900,55900,Luke Ford,cast,1,http://www.wikidata.org/entity/Q545138,Luke Ford,nm1047329,http://dbpedia.org/resource/Luke_Ford,identifier,tmdb_person_id+name,1.00,approved
https://example.org/person/1620,1620,Michelle Yeoh,cast,1,http://www.wikidata.org/entity/Q214289,Michelle Yeoh,nm0000706,http://dbpedia.org/resource/Michelle_Yeoh,identifier,tmdb_person_id+name,1.00,approved
https://example.org/person/72040,72040,Isabella Leong,cast,1,http://www.wikidata.org/entity/Q254180,Isabella Leong,nm1884816,http://dbpedia.org/resource/Isabella_Leong,identifier,tmdb_person_id+name,1.00,approved
https://example.org/person/66717,66717,Anthony Wong,cast,1,http://www.wikidata.org/entity/Q381561,Anthony Wong,nm0938893,http://dbpedia.org/resource/Anthony_Wong,identifier,tmdb_person_id+name,1.00,approved
https://example.org/person/21354,21354,Russell Wong,cast,1,http://www.wikidata.org/entity/Q958353,Russell Wong,nm0005568,http://dbpedia.org/resource/Russell_Wong,identifier,tmdb_person_id+name,1.00,approved
https://example.org/person/15498,15498,Liam Cunningham,cast,1,http://www.wikidata.org/entity/Q460572,Liam Cunningham,nm0192377,http://dbpedia.org/resource/Liam_Cunningham,identifier,tmdb_person_id+name,1.00,approved
https://example.org/person/92404,92404,Joel Kinnaman,cast,1,http://www.wikidata.org/entity/Q28262,Joel Kinnaman,nm1172478,http://dbpedia.org/resource/Joel_Kinnaman,identifier,tmdb_person_id+name,1.00,approved
https://example.org/person/19492,19492,Viola Davis,cast,1,http://www.wikidata.org/entity/Q229181,Viola Davis,nm0205626,http://dbpedia.org/resource/Viola_Davis,identifier,tmdb_person_id+name,1.00,approved
https://example.org/person/7499,7499,Jared Leto,cast,1,http://www.wikidata.org/entity/Q484523,Jared Leto,nm0001467,http://dbpedia.org/resource/Jared_Leto,identifier,tmdb_person_id+name,1.00,approved
https://example.org/person/224181,224181,Jai Courtney,cast,1,http://www.wikidata.org/entity/Q604849,Jai Courtney,nm2541974,http://dbpedia.org/resource/Jai_Courtney,identifier,tmdb_person_id+name,1.00,approved
https://example.org/person/19487,19487,Jay Hernandez,cast,1,http://www.wikidata.org/entity/Q533655,Jay Hernandez,nm0379596,http://dbpedia.org/resource/Jay_Hernandez,identifier,tmdb_person_id+name,1.00,approved
https://example.org/person/31164,31164,Adewale Akinnuoye-Agbaje,cast,2,http://www.wikidata.org/entity/Q294586,Adewale Akinnuoye-Agbaje,nm0015382,http://dbpedia.org/resource/Adewale_Akinnuoye-Agbaje,identifier,tmdb_person_id+name,1.00,approved
https://example.org/person/1289968,1289968,Cara Delevingne,cast,1,http://www.wikidata.org/entity/Q1395624,Cara Delevingne,nm5353321,http://dbpedia.org/resource/Cara_Delevingne,identifier,tmdb_person_id+name,1.00,approved
https://example.org/person/1461608,1461608,Karen Fukuhara,cast,1,http://www.wikidata.org/entity/Q22277846,Karen Fukuhara,nm7232332,http://dbpedia.org/resource/Karen_Fukuhara,identifier,tmdb_person_id+name,1.00,approved
https://example.org/person/4495,4495,Steve Carell,cast,1,http://www.wikidata.org/entity/Q216221,Steve Carell,nm0136797,http://dbpedia.org/resource/Steve_Carell,identifier,tmdb_person_id+name,1.00,approved
https://example.org/person/16858,16858,Lauren Graham,cast,1,http://www.wikidata.org/entity/Q228755,Lauren Graham,nm0334179,http://dbpedia.org/resource/Lauren_Graham,identifier,tmdb_person_id+name,1.00,approved
https://example.org/person/6860,6860,Jimmy Bennett,cast,1,http://www.wikidata.org/entity/Q4349,Jimmy Bennett,nm1497548,http://dbpedia.org/resource/Jimmy_Bennett,identifier,tmdb_person_id+name,1.00,approved
https://example.org/person/8265,8265,John Michael Higgins,cast,1,http://www.wikidata.org/entity/Q967130,John Michael Higgins,nm0383422,http://dbpedia.org/resource/John_Michael_Higgins,identifier,tmdb_person_id+name,1.00,approved
https://example.org/person/27102,27102,Wanda Sykes,cast,1,http://www.wikidata.org/entity/Q237194,Wanda Sykes,nm0843100,http://dbpedia.org/resource/Wanda_Sykes,identifier,tmdb_person_id+name,1.00,approved
https://example.org/person/27103,27103,Graham Phillips,cast,1,http://www.wikidata.org/entity/Q1150276,Graham Phillips,nm1775177,http://dbpedia.org/resource/Graham_Phillips_(actor),identifier,tmdb_person_id+name,1.00,approved
https://example.org/person/27104,27104,Johnny Simmons,cast,1,http://www.wikidata.org/entity/Q116636,Johnny Simmons,nm2215447,http://dbpedia.org/resource/Johnny_Simmons,identifier,tmdb_person_id+name,1.00,approved
https://example.org/person/21007,21007,Jonah Hill,cast,2,http://www.wikidata.org/entity/Q313388,Jonah Hill,nm1706767,http://dbpedia.org/resource/Jonah_Hill,identifier,tmdb_person_id+name,1.00,approved
https://example.org/person/500,500,Tom Cruise,cast,1,http://www.wikidata.org/entity/Q37079,Tom Cruise,nm0000129,http://dbpedia.org/resource/Tom_Cruise,identifier,tmdb_person_id+name,1.00,approved
https://example.org/person/5081,5081,Emily Blunt,cast,1,http://www.wikidata.org/entity/Q193517,Emily Blunt,nm1289434,http://dbpedia.org/resource/Emily_Blunt,identifier,tmdb_person_id+name,1.00,approved
https://example.org/person/2039,2039,Brendan Gleeson,cast,1,http://www.wikidata.org/entity/Q206659,Brendan Gleeson,nm0322407,http://dbpedia.org/resource/Brendan_Gleeson,identifier,tmdb_person_id+name,1.00,approved
https://example.org/person/119224,119224,Jonas Armstrong,cast,1,http://www.wikidata.org/entity/Q40132,Jonas Armstrong,nm1765073,http://dbpedia.org/resource/Jonas_Armstrong,identifier,tmdb_person_id+name,1.00,approved
https://example.org/person/147255,147255,Tony Way,cast,1,http://www.wikidata.org/entity/Q7823655,Tony Way,nm0915453,http://dbpedia.org/resource/Tony_Way,identifier,tmdb_person_id+name,1.00,approved
https://example.org/person/93111,93111,Kick Gurry,cast,1,http://www.wikidata.org/entity/Q6404221,Kick Gurry,nm0348748,http://dbpedia.org/resource/Kick_Gurry,identifier,tmdb_person_id+name,1.00,approved
https://example.org/person/1363086,1363086,Franz Drameh,cast,1,http://www.wikidata.org/entity/Q1446573,Franz Drameh,nm2621030,http://dbpedia.org/resource/Franz_Drameh,identifier,tmdb_person_id+name,1.00,approved
https://example.org/person/125740,125740,Dragomir Mrsic,cast,1,http://www.wikidata.org/entity/Q1254792,Dragomir Mrsic,nm2800616,http://dbpedia.org/resource/Dragomir_Mrsic,identifier,tmdb_person_id+name,1.00,approved
https://example.org/person/115679,115679,Charlotte Riley,cast,1,http://www.wikidata.org/entity/Q441078,Charlotte Riley,nm2731660,http://dbpedia.org/resource/Charlotte_Riley,identifier,tmdb_person_id+name,1.00,approved
https://example.org/person/59350,59350,Chaim Girafi,cast,1,http://www.wikidata.org/entity/Q107640208,Chaim Jeraffi,nm0320581,,identifier,tmdb_person_id+name,1.00,approved
https://example.org/person/3432,3432,Rick Aviles,cast,1,http://www.wikidata.org/entity/Q2096412,Rick Aviles,nm0043173,http://dbpedia.org/resource/Rick_Aviles,identifier,tmdb_person_id+name,1.00,approved
https://example.org/person/49832,49832,R. D. Call,cast,1,http://www.wikidata.org/entity/Q16144824,R. D. Call,nm0130107,http://dbpedia.org/resource/R._D._Call,identifier,tmdb_person_id+name,1.00,approved
https://example.org/person/59352,59352,Zitto Kazann,cast,1,http://www.wikidata.org/entity/Q48870670,Zitto Kazann,nm0443601,,identifier,tmdb_person_id+name,1.00,approved
https://example.org/person/10478,10478,Jeanne Tripplehorn,cast,1,http://www.wikidata.org/entity/Q120366,Jeanne Tripplehorn,nm0000675,http://dbpedia.org/resource/Jeanne_Tripplehorn,identifier,tmdb_person_id+name,1.00,approved
https://example.org/person/2778,2778,Dennis Hopper,cast,1,http://www.wikidata.org/entity/Q102711,Dennis Hopper,nm0000454,http://dbpedia.org/resource/Dennis_Hopper,identifier,tmdb_person_id+name,1.00,approved
https://example.org/person/47458,47458,Zakes Mokae,cast,1,http://www.wikidata.org/entity/Q650121,Zakes Mokae,nm0596310,http://dbpedia.org/resource/Zakes_Mokae,identifier,tmdb_person_id+name,1.00,approved
https://example.org/person/1240,1240,Jack Kehler,cast,1,http://www.wikidata.org/entity/Q3157229,Jack Kehler,nm0444940,http://dbpedia.org/resource/Jack_Kehler,identifier,tmdb_person_id+name,1.00,approved
https://example.org/person/6065,6065,Dennis Quaid,cast,1,http://www.wikidata.org/entity/Q200768,Dennis Quaid,nm0000598,http://dbpedia.org/resource/Dennis_Quaid,identifier,tmdb_person_id+name,1.00,approved
https://example.org/person/9562,9562,Marlon Wayans,cast,1,http://www.wikidata.org/entity/Q310785,Marlon Wayans,nm0005541,http://dbpedia.org/resource/Marlon_Wayans,identifier,tmdb_person_id+name,1.00,approved
https://example.org/person/23459,23459,Sienna Miller,cast,1,http://www.wikidata.org/entity/Q193458,Sienna Miller,nm1092227,http://dbpedia.org/resource/Sienna_Miller,identifier,tmdb_person_id+name,1.00,approved
https://example.org/person/5419,5419,Saïd Taghmaoui,cast,1,http://www.wikidata.org/entity/Q373034,Saïd Taghmaoui,nm0846548,http://dbpedia.org/resource/Saïd_Taghmaoui,identifier,tmdb_person_id+name,1.00,approved
https://example.org/person/2040,2040,Christopher Eccleston,cast,1,http://www.wikidata.org/entity/Q312380,Christopher Eccleston,nm0001172,http://dbpedia.org/resource/Christopher_Eccleston,identifier,tmdb_person_id+name,1.00,approved
https://example.org/person/25002,25002,Lee Byung-hun,cast,1,http://www.wikidata.org/entity/Q380121,Lee Byung-hun,nm0496932,http://dbpedia.org/resource/Lee_Byung-hun,identifier,tmdb_person_id+name,1.00,approved
https://example.org/person/50347,50347,Rachel Nichols,cast,1,http://www.wikidata.org/entity/Q140181,Rachel Nichols,nm0629697,http://dbpedia.org/resource/Rachel_Nichols_(actress),identifier,tmdb_person_id+name,1.00,approved
https://example.org/person/56322,56322,Amy Poehler,cast,1,http://www.wikidata.org/entity/Q230203,Amy Poehler,nm0688132,http://dbpedia.org/resource/Amy_Poehler,identifier,tmdb_person_id+name,1.00,approved
https://example.org/person/169200,169200,Phyllis Smith,cast,1,http://www.wikidata.org/entity/Q508280,Phyllis Smith,nm0809613,http://dbpedia.org/resource/Phyllis_Smith,identifier,tmdb_person_id+name,1.00,approved
https://example.org/person/21125,21125,Richard Kind,cast,1,http://www.wikidata.org/entity/Q449959,Richard Kind,nm0454236,http://dbpedia.org/resource/Richard_Kind,identifier,tmdb_person_id+name,1.00,approved
https://example.org/person/59258,59258,Lewis Black,cast,1,http://www.wikidata.org/entity/Q180252,Lewis Black,nm0085400,http://dbpedia.org/resource/Lewis_Black,identifier,tmdb_person_id+name,1.00,approved
https://example.org/person/125167,125167,Mindy Kaling,cast,2,http://www.wikidata.org/entity/Q539917,Mindy Kaling,nm1411676,http://dbpedia.org/resource/Mindy_Kaling,identifier,tmdb_person_id+name,1.00,approved
https://example.org/person/1371894,1371894,Kaitlyn Dias,cast,1,http://www.wikidata.org/entity/Q22004049,Kaitlyn Dias,nm4609731,,identifier,tmdb_person_id+name,1.00,approved
https://example.org/person/6677,6677,Kyle MacLachlan,cast,1,http://www.wikidata.org/entity/Q207506,Kyle MacLachlan,nm0001492,http://dbpedia.org/resource/Kyle_MacLachlan,identifier,tmdb_person_id+name,1.00,approved
https://example.org/person/196502,196502,Paula Poundstone,cast,1,http://www.wikidata.org/entity/Q3372564,Paula Poundstone,nm0005323,http://dbpedia.org/resource/Paula_Poundstone,identifier,tmdb_person_id+name,1.00,approved
https://example.org/person/1414734,1414734,Neel Sethi,cast,1,http://www.wikidata.org/entity/Q19631217,Neel Sethi,nm5888481,http://dbpedia.org/resource/Neel_Sethi,identifier,tmdb_person_id+name,1.00,approved
https://example.org/person/1532,1532,Bill Murray,cast,1,http://www.wikidata.org/entity/Q29250,Bill Murray,nm0000195,http://dbpedia.org/resource/Bill_Murray,identifier,tmdb_person_id+name,1.00,approved
https://example.org/person/4690,4690,Christopher Walken,cast,1,http://www.wikidata.org/entity/Q185051,Christopher Walken,nm0000686,http://dbpedia.org/resource/Christopher_Walken,identifier,tmdb_person_id+name,1.00,approved
https://example.org/person/1267329,1267329,Lupita Nyong'o,cast,1,http://www.wikidata.org/entity/Q3840847,Lupita Nyong'o,nm2143282,http://dbpedia.org/resource/Lupita_Nyong'o,identifier,tmdb_person_id+name,1.00,approved
https://example.org/person/4808,4808,Giancarlo Esposito,cast,1,http://www.wikidata.org/entity/Q726142,Giancarlo Esposito,nm0002064,http://dbpedia.org/resource/Giancarlo_Esposito,identifier,tmdb_person_id+name,1.00,approved
https://example.org/person/52865,52865,Garry Shandling,cast,2,http://www.wikidata.org/entity/Q1374481,Garry Shandling,nm0788009,http://dbpedia.org/resource/Garry_Shandling,identifier,tmdb_person_id+name,1.00,approved
https://example.org/person/2295,2295,Mickey Rourke,cast,1,http://www.wikidata.org/entity/Q178552,Mickey Rourke,nm0000620,http://dbpedia.org/resource/Mickey_Rourke,identifier,tmdb_person_id+name,1.00,approved
https://example.org/person/6807,6807,Sam Rockwell,cast,1,http://www.wikidata.org/entity/Q316446,Sam Rockwell,nm0005377,http://dbpedia.org/resource/Sam_Rockwell,identifier,tmdb_person_id+name,1.00,approved
https://example.org/person/21134,21134,John Slattery,cast,1,http://www.wikidata.org/entity/Q374346,John Slattery,nm0805476,http://dbpedia.org/resource/John_Slattery,identifier,tmdb_person_id+name,1.00,approved
https://example.org/person/37917,37917,Kristen Stewart,cast,1,http://www.wikidata.org/entity/Q126599,Kristen Stewart,nm0829576,http://dbpedia.org/resource/Kristen_Stewart,identifier,tmdb_person_id+name,1.00,approved
https://example.org/person/6885,6885,Charlize Theron,cast,1,http://www.wikidata.org/entity/Q80046,Charlize Theron,nm0000234,http://dbpedia.org/resource/Charlize_Theron,identifier,tmdb_person_id+name,1.00,approved
https://example.org/person/11109,11109,Nick Frost,cast,1,http://www.wikidata.org/entity/Q363400,Nick Frost,nm0296545,http://dbpedia.org/resource/Nick_Frost,identifier,tmdb_person_id+name,1.00,approved
https://example.org/person/13014,13014,Toby Jones,cast,1,http://www.wikidata.org/entity/Q342419,Toby Jones,nm0429363,http://dbpedia.org/resource/Toby_Jones,identifier,tmdb_person_id+name,1.00,approved
https://example.org/person/382,382,Bob Hoskins,cast,1,http://www.wikidata.org/entity/Q211283,Bob Hoskins,nm0001364,http://dbpedia.org/resource/Bob_Hoskins,identifier,tmdb_person_id+name,1.00,approved
https://example.org/person/11701,11701,Angelina Jolie,cast,1,http://www.wikidata.org/entity/Q13909,Angelina Jolie,nm0001401,http://dbpedia.org/resource/Angelina_Jolie,identifier,tmdb_person_id+name,1.00,approved
https://example.org/person/18050,18050,Elle Fanning,cast,1,http://www.wikidata.org/entity/Q228943,Elle Fanning,nm1102577,http://dbpedia.org/resource/Elle_Fanning,identifier,tmdb_person_id+name,1.00,approved
https://example.org/person/82191,82191,Sharlto Copley,cast,1,http://www.wikidata.org/entity/Q512353,Sharlto Copley,nm1663205,http://dbpedia.org/resource/Sharlto_Copley,identifier,tmdb_person_id+name,1.00,approved
https://example.org/person/32987,32987,Sam Riley,cast,1,http://www.wikidata.org/entity/Q520001,Sam Riley,nm0727165,http://dbpedia.org/resource/Sam_Riley,identifier,tmdb_person_id+name,1.00,approved
https://example.org/person/11356,11356,Imelda Staunton,cast,1,http://www.wikidata.org/entity/Q234798,Imelda Staunton,nm0001767,http://dbpedia.org/resource/Imelda_Staunton,identifier,tmdb_person_id+name,1.00,approved
https://example.org/person/72305,72305,Lesley Manville,cast,1,http://www.wikidata.org/entity/Q444410,Lesley Manville,nm0544334,http://dbpedia.org/resource/Lesley_Manville,identifier,tmdb_person_id+name,1.00,approved
https://example.org/person/1017347,1017347,Brenton Thwaites,cast,1,http://www.wikidata.org/entity/Q798656,Brenton Thwaites,nm4154798,http://dbpedia.org/resource/Brenton_Thwaites,identifier,tmdb_person_id+name,1.00,approved
https://example.org/person/1355733,1355733,Isobelle Molloy,cast,1,http://www.wikidata.org/entity/Q17198353,Isobelle Molloy,nm5985215,http://dbpedia.org/resource/Isobelle_Molloy,identifier,tmdb_person_id+name,1.00,approved
https://example.org/person/8436,8436,Miranda Richardson,cast,1,http://www.wikidata.org/entity/Q229241,Miranda Richardson,nm0001669,http://dbpedia.org/resource/Miranda_Richardson,identifier,tmdb_person_id+name,1.00,approved
https://example.org/person/41292,41292,Keri Russell,cast,1,http://www.wikidata.org/entity/Q229426,Keri Russell,nm0005392,http://dbpedia.org/resource/Keri_Russell,identifier,tmdb_person_id+name,1.00,approved
https://example.org/person/113505,113505,Kodi Smit-McPhee,cast,1,http://www.wikidata.org/entity/Q716251,Kodi Smit-McPhee,nm2240346,http://dbpedia.org/resource/Kodi_Smit-McPhee,identifier,tmdb_person_id+name,1.00,approved
https://example.org/person/55861,55861,Kirk Acevedo,cast,1,http://www.wikidata.org/entity/Q456614,Kirk Acevedo,nm0009716,http://dbpedia.org/resource/Kirk_Acevedo,identifier,tmdb_person_id+name,1.00,approved
https://example.org/person/236696,236696,Terry Notary,cast,1,http://www.wikidata.org/entity/Q7704857,Terry Notary,nm1024953,http://dbpedia.org/resource/Terry_Notary,identifier,tmdb_person_id+name,1.00,approved
https://example.org/person/58395,58395,Karin Konoval,cast,1,http://www.wikidata.org/entity/Q6370861,Karin Konoval,nm0465269,http://dbpedia.org/resource/Karin_Konoval,identifier,tmdb_person_id+name,1.00,approved
https://example.org/person/2299,2299,Josh Hartnett,cast,1,http://www.wikidata.org/entity/Q303957,Josh Hartnett,nm0001326,http://dbpedia.org/resource/Josh_Hartnett,identifier,tmdb_person_id+name,1.00,approved
https://example.org/person/76850,76850,Simone Kessell,cast,1,http://www.wikidata.org/entity/Q3484578,Simone Kessell,nm0450274,http://dbpedia.org/resource/Simone_Kessell,identifier,tmdb_person_id+name,1.00,approved
https://example.org/person/66442,66442,Tamsin Egerton,cast,1,http://www.wikidata.org/entity/Q256042,Tamsin Egerton,nm0989182,http://dbpedia.org/resource/Tamsin_Egerton,identifier,tmdb_person_id+name,1.00,approved
https://example.org/person/587823,587823,Alice Englert,cast,1,http://www.wikidata.org/entity/Q2836574,Alice Englert,nm2129444,http://dbpedia.org/resource/Alice_Englert,identifier,tmdb_person_id+name,1.00,approved
https://example.org/person/85035,85035,Bipasha Basu,cast,1,http://www.wikidata.org/entity/Q158214,Bipasha Basu,nm0060607,http://dbpedia.org/resource/Bipasha_Basu,identifier,tmdb_person_id+name,1.00,approved
https://example.org/person/79003,79003,Abhay Deol,cast,1,http://www.wikidata.org/entity/Q511589,Abhay Deol,nm1867717,http://dbpedia.org/resource/Abhay_Deol,identifier,tmdb_person_id+name,1.00,approved
https://example.org/person/587822,587822,Tehmina Sunny,cast,1,http://www.wikidata.org/entity/Q1643584,Tehmina Sunny,nm2040091,http://dbpedia.org/resource/Tehmina_Sunny,identifier,tmdb_person_id+name,1.00,approved
https://example.org/person/30576,30576,Shane Briant,cast,1,http://www.wikidata.org/entity/Q1635878,Shane Briant,nm0108470,http://dbpedia.org/resource/Shane_Briant,identifier,tmdb_person_id+name,1.00,approved
https://example.org/person/55578,55578,Steve Nicolson,cast,1,http://www.wikidata.org/entity/Q201512,Steve Nicolson,nm0630496,,identifier,tmdb_person_id+name,1.00,approved
https://example.org/person/53676,53676,Atul Kulkarni,cast,1,http://www.wikidata.org/entity/Q4818791,Atul Kulkarni,nm0474609,http://dbpedia.org/resource/Atul_Kulkarni,identifier,tmdb_person_id+name,1.00,approved
https://example.org/person/6384,6384,Keanu Reeves,cast,1,http://www.wikidata.org/entity/Q43416,Keanu Reeves,nm0000206,http://dbpedia.org/resource/Keanu_Reeves,identifier,tmdb_person_id+name,1.00,approved
https://example.org/person/58593,58593,Kou Shibasaki,cast,1,http://www.wikidata.org/entity/Q253690,Kō Shibasaki,nm0793069,http://dbpedia.org/resource/Ko_Shibasaki,identifier,tmdb_person_id+name,1.00,approved
https://example.org/person/136191,136191,Min Tanaka,cast,1,http://www.wikidata.org/entity/Q3108327,Min Tanaka,nm0849032,http://dbpedia.org/resource/Min_Tanaka,identifier,tmdb_person_id+name,1.00,approved
https://example.org/person/1253541,1253541,Jin Akanishi,cast,1,http://www.wikidata.org/entity/Q347456,Jin Akanishi,nm2064011,http://dbpedia.org/resource/Jin_Akanishi,identifier,tmdb_person_id+name,1.00,approved
https://example.org/person/1095404,1095404,Masayoshi Haneda,cast,1,http://www.wikidata.org/entity/Q17152845,Masayoshi Haneda,nm2612087,http://dbpedia.org/resource/Masayoshi_Haneda,identifier,tmdb_person_id+name,1.00,approved
https://example.org/person/1278788,1278788,Hiroshi Sogabe,cast,1,,,,,name+filmography,no_candidate,0.00,not_found
https://example.org/person/1278789,1278789,Takato Yonemoto,cast,1,http://www.wikidata.org/entity/Q94616717,Takato Yonemoto,nm4187460,,identifier,tmdb_person_id+name,1.00,approved
https://example.org/person/4135,4135,Robert Redford,cast,1,http://www.wikidata.org/entity/Q59215,Robert Redford,nm0000602,http://dbpedia.org/resource/Robert_Redford,identifier,tmdb_person_id+name,1.00,approved
https://example.org/person/81685,81685,Frank Grillo,cast,1,http://www.wikidata.org/entity/Q918616,Frank Grillo,nm0342029,http://dbpedia.org/resource/Frank_Grillo,identifier,tmdb_person_id+name,1.00,approved
https://example.org/person/1018947,1018947,Maximiliano Hernández,cast,1,http://www.wikidata.org/entity/Q15834608,Maximiliano Hernández,nm0380073,http://dbpedia.org/resource/Maximiliano_Hernández,identifier,tmdb_person_id+name,1.00,approved
https://example.org/person/84247,84247,Emily VanCamp,cast,1,http://www.wikidata.org/entity/Q233216,Emily VanCamp,nm0885840,http://dbpedia.org/resource/Emily_VanCamp,identifier,tmdb_person_id+name,1.00,approved
https://example.org/person/12073,12073,Mike Myers,cast,1,http://www.wikidata.org/entity/Q185724,Mike Myers,nm0000196,http://dbpedia.org/resource/Mike_Myers,identifier,tmdb_person_id+name,1.00,approved
https://example.org/person/776,776,Eddie Murphy,cast,1,http://www.wikidata.org/entity/Q43874,Eddie Murphy,nm0000552,http://dbpedia.org/resource/Eddie_Murphy,identifier,tmdb_person_id+name,1.00,approved
https://example.org/person/6941,6941,Cameron Diaz,cast,1,http://www.wikidata.org/entity/Q44380,Cameron Diaz,nm0000139,http://dbpedia.org/resource/Cameron_Diaz,identifier,tmdb_person_id+name,1.00,approved
https://example.org/person/3131,3131,Antonio Banderas,cast,1,http://www.wikidata.org/entity/Q41548,Antonio Banderas,nm0000104,http://dbpedia.org/resource/Antonio_Banderas,identifier,tmdb_person_id+name,1.00,approved
https://example.org/person/5823,5823,Julie Andrews,cast,1,http://www.wikidata.org/entity/Q161819,Julie Andrews,nm0000267,http://dbpedia.org/resource/Julie_Andrews,identifier,tmdb_person_id+name,1.00,approved
https://example.org/person/65717,65717,Jon Hamm,cast,1,http://www.wikidata.org/entity/Q313107,Jon Hamm,nm0358316,http://dbpedia.org/resource/Jon_Hamm,identifier,tmdb_person_id+name,1.00,approved
https://example.org/person/8930,8930,John Cleese,cast,1,http://www.wikidata.org/entity/Q25014,John Cleese,nm0000092,http://dbpedia.org/resource/John_Cleese,identifier,tmdb_person_id+name,1.00,approved
https://example.org/person/64342,64342,Craig Robinson,cast,1,http://www.wikidata.org/entity/Q926912,Craig Robinson,nm0732497,http://dbpedia.org/resource/Craig_Robinson_(actor),identifier,tmdb_person_id+name,1.00,approved
https://example.org/person/118489,118489,Walt Dohrn,cast,1,http://www.wikidata.org/entity/Q2713565,Walt Dohrn,nm0230666,http://dbpedia.org/resource/Walt_Dohrn,identifier,tmdb_person_id+name,1.00,approved
https://example.org/person/43775,43775,Jane Lynch,cast,2,http://www.wikidata.org/entity/Q228852,Jane Lynch,nm0528331,http://dbpedia.org/resource/Jane_Lynch,identifier,tmdb_person_id+name,1.00,approved
https://example.org/person/52018,52018,Britt Robertson,cast,1,http://www.wikidata.org/entity/Q235333,Britt Robertson,nm1429380,http://dbpedia.org/resource/Britt_Robertson,identifier,tmdb_person_id+name,1.00,approved
https://example.org/person/1461,1461,George Clooney,cast,1,http://www.wikidata.org/entity/Q23844,George Clooney,nm0000123,http://dbpedia.org/resource/George_Clooney,identifier,tmdb_person_id+name,1.00,approved
https://example.org/person/1055230,1055230,Raffey Cassidy,cast,1,http://www.wikidata.org/entity/Q6455419,Raffey Cassidy,nm3864163,http://dbpedia.org/resource/Raffey_Cassidy,identifier,tmdb_person_id+name,1.00,approved
https://example.org/person/965224,965224,Thomas Robinson,cast,1,http://www.wikidata.org/entity/Q7793598,Thomas Robinson,nm1740829,,identifier,tmdb_person_id+name,1.00,approved
https://example.org/person/17696,17696,Kathryn Hahn,cast,1,http://www.wikidata.org/entity/Q271986,Kathryn Hahn,nm1063517,http://dbpedia.org/resource/Kathryn_Hahn,identifier,tmdb_person_id+name,1.00,approved
https://example.org/person/298410,298410,Keegan-Michael Key,cast,1,http://www.wikidata.org/entity/Q6382703,Keegan-Michael Key,nm1221047,http://dbpedia.org/resource/Keegan-Michael_Key,identifier,tmdb_person_id+name,1.00,approved
https://example.org/person/74428,74428,Tim McGraw,cast,1,http://www.wikidata.org/entity/Q356487,Tim McGraw,nm0005210,http://dbpedia.org/resource/Tim_McGraw,identifier,tmdb_person_id+name,1.00,approved
https://example.org/person/4445,4445,Chris Bauer,cast,1,http://www.wikidata.org/entity/Q39979,Chris Bauer,nm0061777,http://dbpedia.org/resource/Chris_Bauer,identifier,tmdb_person_id+name,1.00,approved
https://example.org/person/992427,992427,Pierce Gagnon,cast,1,http://www.wikidata.org/entity/Q3382695,Pierce Gagnon,nm3163952,http://dbpedia.org/resource/Pierce_Gagnon,identifier,tmdb_person_id+name,1.00,approved
https://example.org/person/66580,66580,Scott Adsit,cast,1,http://www.wikidata.org/entity/Q3952813,Scott Adsit,nm0012523,http://dbpedia.org/resource/Scott_Adsit,identifier,tmdb_person_id+name,1.00,approved
https://example.org/person/515510,515510,Ryan Potter,cast,1,http://www.wikidata.org/entity/Q1258756,Ryan Potter,nm3994407,http://dbpedia.org/resource/Ryan_Potter,identifier,tmdb_person_id+name,1.00,approved
https://example.org/person/82093,82093,Daniel Henney,cast,1,http://www.wikidata.org/entity/Q529413,Daniel Henney,nm2024644,http://dbpedia.org/resource/Daniel_Henney,identifier,tmdb_person_id+name,1.00,approved
https://example.org/person/78324,78324,Jamie Chung,cast,1,http://www.wikidata.org/entity/Q232642,Jamie Chung,nm1512166,http://dbpedia.org/resource/Jamie_Chung,identifier,tmdb_person_id+name,1.00,approved
https://example.org/person/87822,87822,Damon Wayans Jr.,cast,1,http://www.wikidata.org/entity/Q1158726,Damon Wayans Jr.,nm0915458,http://dbpedia.org/resource/Damon_Wayans_Jr.,identifier,tmdb_person_id+name,1.00,approved
https://example.org/person/589162,589162,Génesis Rodríguez,cast,1,http://www.wikidata.org/entity/Q240355,Genesis Rodriguez,nm1270009,http://dbpedia.org/resource/Genesis_Rodriguez,identifier,tmdb_person_id+name,1.00,approved
https://example.org/person/21088,21088,Alan Tudyk,cast,2,http://www.wikidata.org/entity/Q349350,Alan Tudyk,nm0876138,http://dbpedia.org/resource/Alan_Tudyk,identifier,tmdb_person_id+name,1.00,approved
https://example.org/person/52792,52792,Maya Rudolph,cast,1,http://www.wikidata.org/entity/Q236527,Maya Rudolph,nm0748973,http://dbpedia.org/resource/Maya_Rudolph,identifier,tmdb_person_id+name,1.00,approved
https://example.org/person/4764,4764,John C. Reilly,cast,2,http://www.wikidata.org/entity/Q223110,John C. Reilly,nm0000604,http://dbpedia.org/resource/John_C._Reilly,identifier,tmdb_person_id+name,1.00,approved
https://example.org/person/7404,7404,Sarah Silverman,cast,1,http://www.wikidata.org/entity/Q229013,Sarah Silverman,nm0798971,http://dbpedia.org/resource/Sarah_Silverman,identifier,tmdb_person_id+name,1.00,approved
https://example.org/person/58737,58737,Jack McBrayer,cast,1,http://www.wikidata.org/entity/Q560896,Jack McBrayer,nm1442113,http://dbpedia.org/resource/Jack_McBrayer,identifier,tmdb_person_id+name,1.00,approved
https://example.org/person/21131,21131,Joe Lo Truglio,cast,1,http://www.wikidata.org/entity/Q716936,Joe Lo Truglio,nm0516266,http://dbpedia.org/resource/Joe_Lo_Truglio,identifier,tmdb_person_id+name,1.00,approved
https://example.org/person/18977,18977,Ed O'Neill,cast,1,http://www.wikidata.org/entity/Q16758,Ed O'Neill,nm0642145,http://dbpedia.org/resource/Ed_O'Neill,identifier,tmdb_person_id+name,1.00,approved
https://example.org/person/352,352,Dennis Haysbert,cast,1,http://www.wikidata.org/entity/Q350208,Dennis Haysbert,nm0371660,http://dbpedia.org/resource/Dennis_Haysbert,identifier,tmdb_person_id+name,1.00,approved
https://example.org/person/76245,76245,Adam Carolla,cast,1,http://www.wikidata.org/entity/Q4119,Adam Carolla,nm0004805,http://dbpedia.org/resource/Adam_Carolla,identifier,tmdb_person_id+name,1.00,approved
https://example.org/person/2169,2169,Michael Jeter,cast,1,http://www.wikidata.org/entity/Q329716,Michael Jeter,nm0005052,http://dbpedia.org/resource/Michael_Jeter,identifier,tmdb_person_id+name,1.00,approved
https://example.org/person/18286,18286,Nona Gaye,cast,1,http://www.wikidata.org/entity/Q508359,Nona Gaye,nm0310850,http://dbpedia.org/resource/Nona_Gaye,identifier,tmdb_person_id+name,1.00,approved
https://example.org/person/42363,42363,Peter Scolari,cast,1,http://www.wikidata.org/entity/Q1740243,Peter Scolari,nm0778642,http://dbpedia.org/resource/Peter_Scolari,identifier,tmdb_person_id+name,1.00,approved
https://example.org/person/42362,42362,Eddie Deezen,cast,1,http://www.wikidata.org/entity/Q747824,Eddie Deezen,nm0214430,http://dbpedia.org/resource/Eddie_Deezen,identifier,tmdb_person_id+name,1.00,approved
https://example.org/person/42287,42287,Leslie Zemeckis,cast,1,http://www.wikidata.org/entity/Q23767052,Leslie Zemeckis,nm0366667,http://dbpedia.org/resource/Leslie_Zemeckis,identifier,tmdb_person_id+name,1.00,approved
https://example.org/person/37935,37935,Steven Tyler,cast,1,http://www.wikidata.org/entity/Q194045,Stephen Tyler,nm0878911,http://dbpedia.org/resource/Steven_Tyler,identifier,tmdb_person_id+name,1.00,approved
https://example.org/person/42286,42286,Julene Renee,cast,1,,,,,name+filmography,no_candidate,0.00,not_found
https://example.org/person/23791,23791,Chris Coppola,cast,1,http://www.wikidata.org/entity/Q5106259,Chris Coppola,nm0178875,http://dbpedia.org/resource/Chris_Coppola,identifier,tmdb_person_id+name,1.00,approved
https://example.org/person/12826,12826,Charles Fleischer,cast,1,http://www.wikidata.org/entity/Q658690,Charles Fleischer,nm0281486,http://dbpedia.org/resource/Charles_Fleischer,identifier,tmdb_person_id+name,1.00,approved
https://example.org/person/96066,96066,Liam Hemsworth,cast,1,http://www.wikidata.org/entity/Q32045,Liam Hemsworth,nm2955013,http://dbpedia.org/resource/Liam_Hemsworth,identifier,tmdb_person_id+name,1.00,approved
https://example.org/person/4785,4785,Jeff Goldblum,cast,1,http://www.wikidata.org/entity/Q106706,Jeff Goldblum,nm0000156,http://dbpedia.org/resource/Jeff_Goldblum,identifier,tmdb_person_id+name,1.00,approved
https://example.org/person/8984,8984,Bill Pullman,cast,1,http://www.wikidata.org/entity/Q315763,Bill Pullman,nm0000597,http://dbpedia.org/resource/Bill_Pullman,identifier,tmdb_person_id+name,1.00,approved
https://example.org/person/1094091,1094091,Maika Monroe,cast,1,http://www.wikidata.org/entity/Q16235655,Maika Monroe,nm2140860,http://dbpedia.org/resource/Maika_Monroe,identifier,tmdb_person_id+name,1.00,approved
https://example.org/person/6068,6068,Sela Ward,cast,1,http://www.wikidata.org/entity/Q229187,Sela Ward,nm0000688,http://dbpedia.org/resource/Sela_Ward,identifier,tmdb_person_id+name,1.00,approved
https://example.org/person/2535,2535,Vivica A. Fox,cast,1,http://www.wikidata.org/entity/Q220396,Vivica A. Fox,nm0000407,http://dbpedia.org/resource/Vivica_A._Fox,identifier,tmdb_person_id+name,1.00,approved
https://example.org/person/4273,4273,Charlotte Gainsbourg,cast,1,http://www.wikidata.org/entity/Q276005,Charlotte Gainsbourg,nm0001250,http://dbpedia.org/resource/Charlotte_Gainsbourg,identifier,tmdb_person_id+name,1.00,approved
https://example.org/person/1213786,1213786,Brent Spiner,cast,1,http://www.wikidata.org/entity/Q311453,Brent Spiner,nm0000653,http://dbpedia.org/resource/Brent_Spiner,identifier,tmdb_person_id+name,1.00,approved
https://example.org/person/6167,6167,Judd Hirsch,cast,1,http://www.wikidata.org/entity/Q365023,Judd Hirsch,nm0002139,http://dbpedia.org/resource/Judd_Hirsch,identifier,tmdb_person_id+name,1.00,approved
https://example.org/person/449,449,Jay Baruchel,cast,1,http://www.wikidata.org/entity/Q316756,Jay Baruchel,nm0059431,http://dbpedia.org/resource/Jay_Baruchel,identifier,tmdb_person_id+name,1.00,approved
https://example.org/person/17276,17276,Gerard Butler,cast,1,http://www.wikidata.org/entity/Q169982,Gerard Butler,nm0124930,http://dbpedia.org/resource/Gerard_Butler,identifier,tmdb_person_id+name,1.00,approved
https://example.org/person/59174,59174,America Ferrera,cast,1,http://www.wikidata.org/entity/Q219402,America Ferrera,nm1065229,http://dbpedia.org/resource/America_Ferrera,identifier,tmdb_person_id+name,1.00,approved
https://example.org/person/54691,54691,Christopher Mintz-Plasse,cast,1,http://www.wikidata.org/entity/Q440956,Christopher Mintz-Plasse,nm2395586,http://dbpedia.org/resource/Christopher_Mintz-Plasse,identifier,tmdb_person_id+name,1.00,approved
https://example.org/person/41091,41091,Kristen Wiig,cast,1,http://www.wikidata.org/entity/Q231382,Kristen Wiig,nm1325419,http://dbpedia.org/resource/Kristen_Wiig,identifier,tmdb_person_id+name,1.00,approved
https://example.org/person/130081,130081,Robin Atkin Downes,cast,1,http://www.wikidata.org/entity/Q4346488,Robin Atkin Downes,nm0235960,http://dbpedia.org/resource/Robin_Atkin_Downes,identifier,tmdb_person_id+name,1.00,approved
https://example.org/person/138619,138619,Philip McGrade,cast,1,,,,,name+filmography,no_candidate,0.00,not_found
https://example.org/person/1100,1100,Arnold Schwarzenegger,cast,1,http://www.wikidata.org/entity/Q2685,Arnold Schwarzenegger,nm0000216,http://dbpedia.org/resource/Arnold_Schwarzenegger,identifier,tmdb_person_id+name,1.00,approved
https://example.org/person/6408,6408,Nick Stahl,cast,1,http://www.wikidata.org/entity/Q335587,Nick Stahl,nm0001763,http://dbpedia.org/resource/Nick_Stahl,identifier,tmdb_person_id+name,1.00,approved
https://example.org/person/6194,6194,Claire Danes,cast,1,http://www.wikidata.org/entity/Q867813,Claire Danes,nm0000132,http://dbpedia.org/resource/Claire_Danes,identifier,tmdb_person_id+name,1.00,approved
https://example.org/person/7218,7218,Kristanna Loken,cast,1,http://www.wikidata.org/entity/Q208339,Kristanna Loken,nm0518085,http://dbpedia.org/resource/Kristanna_Loken,identifier,tmdb_person_id+name,1.00,approved
https://example.org/person/7220,7220,Mark Famiglietti,cast,1,http://www.wikidata.org/entity/Q1900036,Mark Famiglietti,nm0266611,http://dbpedia.org/resource/Mark_Famiglietti,identifier,tmdb_person_id+name,1.00,approved
https://example.org/person/2716,2716,Earl Boen,cast,1,http://www.wikidata.org/entity/Q452763,Earl Boen,nm0091286,http://dbpedia.org/resource/Earl_Boen,identifier,tmdb_person_id+name,1.00,approved
https://example.org/person/7221,7221,Moira Harris,cast,1,http://www.wikidata.org/entity/Q2075721,Moira Harris,nm0365128,http://dbpedia.org/resource/Moira_Harris,name+filmography,name+filmography,0.90,review
https://example.org/person/7222,7222,Chopper Bernet,cast,1,,,,,name+filmography,no_candidate,0.00,not_found
https://example.org/person/7223,7223,Christopher Lawford,cast,1,http://www.wikidata.org/entity/Q1086823,Christopher Lawford,nm0492441,http://dbpedia.org/resource/Christopher_Lawford,identifier,tmdb_person_id+name,1.00,approved
https://example.org/person/51329,51329,Bradley Cooper,cast,1,http://www.wikidata.org/entity/Q205707,Bradley Cooper,nm0177896,http://dbpedia.org/resource/Bradley_Cooper,identifier,tmdb_person_id+name,1.00,approved
https://example.org/person/72095,72095,Lee Pace,cast,1,http://www.wikidata.org/entity/Q355168,Lee Pace,nm1195855,http://dbpedia.org/resource/Lee_Pace,identifier,tmdb_person_id+name,1.00,approved
https://example.org/person/12132,12132,Michael Rooker,cast,1,http://www.wikidata.org/entity/Q525065,Michael Rooker,nm0740264,http://dbpedia.org/resource/Michael_Rooker,identifier,tmdb_person_id+name,1.00,approved
https://example.org/person/543261,543261,Karen Gillan,cast,1,http://www.wikidata.org/entity/Q231237,Karen Gillan,nm2394794,http://dbpedia.org/resource/Karen_Gillan,identifier,tmdb_person_id+name,1.00,approved
https://example.org/person/10297,10297,Matthew McConaughey,cast,1,http://www.wikidata.org/entity/Q188955,Matthew McConaughey,nm0000190,http://dbpedia.org/resource/Matthew_McConaughey,identifier,tmdb_person_id+name,1.00,approved
https://example.org/person/83002,83002,Jessica Chastain,cast,1,http://www.wikidata.org/entity/Q229313,Jessica Chastain,nm1567113,http://dbpedia.org/resource/Jessica_Chastain,identifier,tmdb_person_id+name,1.00,approved
https://example.org/person/1893,1893,Casey Affleck,cast,1,http://www.wikidata.org/entity/Q270730,Casey Affleck,nm0000729,http://dbpedia.org/resource/Casey_Affleck,identifier,tmdb_person_id+name,1.00,approved
https://example.org/person/851784,851784,Mackenzie Foy,cast,1,http://www.wikidata.org/entity/Q94913,Mackenzie Foy,nm3237775,http://dbpedia.org/resource/Mackenzie_Foy,identifier,tmdb_person_id+name,1.00,approved
https://example.org/person/1190668,1190668,Timothée Chalamet,cast,1,http://www.wikidata.org/entity/Q19877770,Timothée Chalamet,nm3154303,http://dbpedia.org/resource/Timothée_Chalamet,identifier,tmdb_person_id+name,1.00,approved
https://example.org/person/58549,58549,Bill Irwin,cast,1,http://www.wikidata.org/entity/Q603317,Bill Irwin,nm0410347,http://dbpedia.org/resource/Bill_Irwin,identifier,tmdb_person_id+name,1.00,approved
https://example.org/person/1892,1892,Matt Damon,cast,1,http://www.wikidata.org/entity/Q175535,Matt Damon,nm0000354,http://dbpedia.org/resource/Matt_Damon,identifier,tmdb_person_id+name,1.00,approved
https://example.org/person/9560,9560,Ellen Burstyn,cast,1,http://www.wikidata.org/entity/Q211144,Ellen Burstyn,nm0000995,http://dbpedia.org/resource/Ellen_Burstyn,identifier,tmdb_person_id+name,1.00,approved
https://example.org/person/3899,3899,Ken Watanabe,cast,1,http://www.wikidata.org/entity/Q211553,Ken Watanabe,nm0913822,http://dbpedia.org/resource/Ken_Watanabe,identifier,tmdb_person_id+name,1.00,approved
https://example.org/person/95697,95697,Dileep Rao,cast,1,http://www.wikidata.org/entity/Q1225469,Dileep Rao,nm2438307,http://dbpedia.org/resource/Dileep_Rao,identifier,tmdb_person_id+name,1.00,approved
https://example.org/person/13022,13022,Tom Berenger,cast,1,http://www.wikidata.org/entity/Q299317,Tom Berenger,nm0000297,http://dbpedia.org/resource/Tom_Berenger,identifier,tmdb_person_id+name,1.00,approved
https://example.org/person/1098600,1098600,Hiroki Hasegawa,cast,1,http://www.wikidata.org/entity/Q11653757,Hiroki Hasegawa,nm4056296,http://dbpedia.org/resource/Hiroki_Hasegawa,identifier,tmdb_person_id+name,1.00,approved
https://example.org/person/588403,588403,Yutaka Takenouchi,cast,1,http://www.wikidata.org/entity/Q1193035,Yutaka Takenouchi,nm0847570,http://dbpedia.org/resource/Yutaka_Takenouchi,identifier,tmdb_person_id+name,1.00,approved
https://example.org/person/224664,224664,Satomi Ishihara,cast,1,http://www.wikidata.org/entity/Q1197220,Satomi Ishihara,nm1595000,http://dbpedia.org/resource/Satomi_Ishihara,identifier,tmdb_person_id+name,1.00,approved
https://example.org/person/120690,120690,Kengo Kora,cast,1,http://www.wikidata.org/entity/Q873277,Kengo Kōra,nm2246282,http://dbpedia.org/resource/Kengo_Kora,identifier,tmdb_person_id+name,1.00,approved
https://example.org/person/1502395,1502395,Matsuo Satoru,cast,1,http://www.wikidata.org/entity/Q11529701,Satoru Matsuo,nm2865407,http://dbpedia.org/resource/Satoru_Matsuo,identifier,tmdb_person_id+name,1.00,approved
https://example.org/person/130654,130654,Mikako Ichikawa,cast,1,http://www.wikidata.org/entity/Q1042876,Mikako Ichikawa,nm0406732,http://dbpedia.org/resource/Mikako_Ichikawa,identifier,tmdb_person_id+name,1.00,approved
https://example.org/person/87662,87662,Issei Takahashi,cast,1,http://www.wikidata.org/entity/Q10856410,Issey Takahashi,nm1534063,http://dbpedia.org/resource/Issey_Takahashi,identifier,tmdb_person_id+name,1.00,approved
https://example.org/person/13256,13256,Kanji Tsuda,cast,1,http://www.wikidata.org/entity/Q3543561,Kanji Tsuda,nm0875244,http://dbpedia.org/resource/Kanji_Tsuda,identifier,tmdb_person_id+name,1.00,approved
https://example.org/person/58608,58608,Shinya Tsukamoto,cast,1,http://www.wikidata.org/entity/Q738544,Shinya Tsukamoto,nm0875354,http://dbpedia.org/resource/Shinya_Tsukamoto,identifier,tmdb_person_id+name,1.00,approved
https://example.org/person/1405926,1405926,Toru Nomaguchi,cast,1,http://www.wikidata.org/entity/Q11646184,Tooru Nomaguchi,nm2867865,,identifier,tmdb_person_id+name_differs,0.70,review
https://example.org/person/80112,80112,Sylvester McCoy,cast,1,http://www.wikidata.org/entity/Q455551,Sylvester McCoy,nm0566809,http://dbpedia.org/resource/Sylvester_McCoy,identifier,tmdb_person_id+name,1.00,approved
https://example.org/person/65,65,Ian Holm,cast,1,http://www.wikidata.org/entity/Q223091,Ian Holm,nm0000453,http://dbpedia.org/resource/Ian_Holm,identifier,tmdb_person_id+name,1.00,approved
https://example.org/person/109,109,Elijah Wood,cast,1,http://www.wikidata.org/entity/Q483771,Elijah Wood,nm0000704,http://dbpedia.org/resource/Elijah_Wood,identifier,tmdb_person_id+name,1.00,approved
https://example.org/person/10883,10883,Rick Yune,cast,1,http://www.wikidata.org/entity/Q923084,Rick Yune,nm0950935,http://dbpedia.org/resource/Rick_Yune,identifier,tmdb_person_id+name,1.00,approved
https://example.org/person/9186,9186,Chad Lindberg,cast,1,http://www.wikidata.org/entity/Q2314842,Chad Lindberg,nm0511349,http://dbpedia.org/resource/Chad_Lindberg,identifier,tmdb_person_id+name,1.00,approved
https://example.org/person/12796,12796,Johnny Strong,cast,1,http://www.wikidata.org/entity/Q1702414,Johnny Strong,nm0835001,http://dbpedia.org/resource/Johnny_Strong,identifier,tmdb_person_id+name,1.00,approved
https://example.org/person/31841,31841,Matt Schulze,cast,1,http://www.wikidata.org/entity/Q538716,Matt Schulze,nm0776580,http://dbpedia.org/resource/Matt_Schulze,identifier,tmdb_person_id+name,1.00,approved
https://example.org/person/8175,8175,Thom Barry,cast,1,http://www.wikidata.org/entity/Q1125651,Thom Barry,nm0058175,http://dbpedia.org/resource/Thom_Barry,identifier,tmdb_person_id+name,1.00,approved
https://example.org/person/2710,2710,James Cameron,director,2,http://www.wikidata.org/entity/Q42574,James Cameron,nm0000116,http://dbpedia.org/resource/James_Cameron,identifier,tmdb_person_id+name,1.00,approved
https://example.org/person/1704,1704,Gore Verbinski,director,3,http://www.wikidata.org/entity/Q295463,Gore Verbinski,nm0893659,http://dbpedia.org/resource/Gore_Verbinski,identifier,tmdb_person_id+name,1.00,approved
https://example.org/person/39,39,Sam Mendes,director,2,http://www.wikidata.org/entity/Q223233,Sam Mendes,nm0005222,http://dbpedia.org/resource/Sam_Mendes,identifier,tmdb_person_id+name,1.00,approved
https://example.org/person/525,525,Christopher Nolan,director,4,http://www.wikidata.org/entity/Q25191,Christopher Nolan,nm0634240,http://dbpedia.org/resource/Christopher_Nolan,identifier,tmdb_person_id+name,1.00,approved
https://example.org/person/7,7,Andrew Stanton,director,2,http://www.wikidata.org/entity/Q328723,Andrew Stanton,nm0004056,http://dbpedia.org/resource/Andrew_Stanton,identifier,tmdb_person_id+name,1.00,approved
https://example.org/person/7623,7623,Sam Raimi,director,3,http://www.wikidata.org/entity/Q275402,Sam Raimi,nm0000600,http://dbpedia.org/resource/Sam_Raimi,identifier,tmdb_person_id+name,1.00,approved
https://example.org/person/76595,76595,Byron Howard,director,1,http://www.wikidata.org/entity/Q1018606,Byron Howard,nm0397174,http://dbpedia.org/resource/Byron_Howard,identifier,tmdb_person_id+name,1.00,approved
https://example.org/person/121830,121830,Nathan Greno,director,1,http://www.wikidata.org/entity/Q16028506,Nathan Greno,nm1977355,http://dbpedia.org/resource/Nathan_Greno,identifier,tmdb_person_id+name,1.00,approved
https://example.org/person/12891,12891,Joss Whedon,director,2,http://www.wikidata.org/entity/Q298025,Joss Whedon,nm0923736,http://dbpedia.org/resource/Joss_Whedon,identifier,tmdb_person_id+name,1.00,approved
https://example.org/person/11343,11343,David Yates,director,2,http://www.wikidata.org/entity/Q312988,David Yates,nm0946734,http://dbpedia.org/resource/David_Yates,identifier,tmdb_person_id+name,1.00,approved
https://example.org/person/15217,15217,Zack Snyder,director,2,http://www.wikidata.org/entity/Q139890,Zack Snyder,nm0811583,http://dbpedia.org/resource/Zack_Snyder,identifier,tmdb_person_id+name,1.00,approved
https://example.org/person/9032,9032,Bryan Singer,director,4,http://www.wikidata.org/entity/Q220751,Bryan Singer,nm0001741,http://dbpedia.org/resource/Bryan_Singer,identifier,tmdb_person_id+name,1.00,approved
https://example.org/person/12995,12995,Marc Forster,director,2,http://www.wikidata.org/entity/Q28497,Marc Forster,nm0286975,http://dbpedia.org/resource/Marc_Forster,identifier,tmdb_person_id+name,1.00,approved
https://example.org/person/5524,5524,Andrew Adamson,director,2,http://www.wikidata.org/entity/Q432845,Andrew Adamson,nm0011470,http://dbpedia.org/resource/Andrew_Adamson,identifier,tmdb_person_id+name,1.00,approved
https://example.org/person/17633,17633,Rob Marshall,director,1,http://www.wikidata.org/entity/Q353501,Rob Marshall,nm0551128,http://dbpedia.org/resource/Rob_Marshall,identifier,tmdb_person_id+name,1.00,approved
https://example.org/person/5174,5174,Barry Sonnenfeld,director,2,http://www.wikidata.org/entity/Q317567,Barry Sonnenfeld,nm0001756,http://dbpedia.org/resource/Barry_Sonnenfeld,identifier,tmdb_person_id+name,1.00,approved
https://example.org/person/108,108,Peter Jackson,director,4,http://www.wikidata.org/entity/Q4465,Peter Jackson,nm0001392,http://dbpedia.org/resource/Peter_Jackson,identifier,tmdb_person_id+name,1.00,approved
https://example.org/person/87742,87742,Marc Webb,director,2,http://www.wikidata.org/entity/Q357998,Marc Webb,nm1989536,http://dbpedia.org/resource/Marc_Webb,identifier,tmdb_person_id+name,1.00,approved
https://example.org/person/578,578,Ridley Scott,director,1,http://www.wikidata.org/entity/Q56005,Ridley Scott,nm0000631,http://dbpedia.org/resource/Ridley_Scott,identifier,tmdb_person_id+name,1.00,approved
https://example.org/person/3288,3288,Chris Weitz,director,1,http://www.wikidata.org/entity/Q238638,Chris Weitz,nm0919363,http://dbpedia.org/resource/Chris_Weitz,identifier,tmdb_person_id+name,1.00,approved
https://example.org/person/19271,19271,Anthony Russo,director,2,http://www.wikidata.org/entity/Q18018415,Anthony Russo,nm0751577,http://dbpedia.org/resource/Anthony_Russo_(director),identifier,tmdb_person_id+name,1.00,approved
https://example.org/person/19272,19272,Joe Russo,director,2,http://www.wikidata.org/entity/Q20675767,Joe Russo,nm0751648,http://dbpedia.org/resource/Joe_Russo_(director),identifier,tmdb_person_id+name,1.00,approved
https://example.org/person/36602,36602,Peter Berg,director,1,http://www.wikidata.org/entity/Q183141,Peter Berg,nm0000916,http://dbpedia.org/resource/Peter_Berg,identifier,tmdb_person_id+name,1.00,approved
https://example.org/person/930707,930707,Colin Trevorrow,director,1,http://www.wikidata.org/entity/Q5145625,Colin Trevorrow,nm1119880,http://dbpedia.org/resource/Colin_Trevorrow,identifier,tmdb_person_id+name,1.00,approved
https://example.org/person/1108,1108,Shane Black,director,1,http://www.wikidata.org/entity/Q726126,Shane Black,nm0000948,http://dbpedia.org/resource/Shane_Black,identifier,tmdb_person_id+name,1.00,approved
https://example.org/person/510,510,Tim Burton,director,1,http://www.wikidata.org/entity/Q56008,Tim Burton,nm0000318,http://dbpedia.org/resource/Tim_Burton,identifier,tmdb_person_id+name,1.00,approved
https://example.org/person/11091,11091,Brett Ratner,director,2,http://www.wikidata.org/entity/Q319204,Brett Ratner,nm0711840,http://dbpedia.org/resource/Brett_Ratner,identifier,tmdb_person_id+name,1.00,approved
https://example.org/person/225976,225976,Dan Scanlon,director,1,http://www.wikidata.org/entity/Q5214348,Dan Scanlon,nm0768959,http://dbpedia.org/resource/Dan_Scanlon,identifier,tmdb_person_id+name,1.00,approved
https://example.org/person/865,865,Michael Bay,director,3,http://www.wikidata.org/entity/Q59259,Michael Bay,nm0000881,http://dbpedia.org/resource/Michael_Bay,identifier,tmdb_person_id+name,1.00,approved
https://example.org/person/86270,86270,Joseph Kosinski,director,1,http://www.wikidata.org/entity/Q2444076,Joseph Kosinski,nm2676052,http://dbpedia.org/resource/Joseph_Kosinski,identifier,tmdb_person_id+name,1.00,approved
https://example.org/person/7879,7879,John Lasseter,director,1,http://www.wikidata.org/entity/Q269214,John Lasseter,nm0005124,http://dbpedia.org/resource/John_Lasseter,identifier,tmdb_person_id+name,1.00,approved
https://example.org/person/32532,32532,Brad Lewis,director,1,http://www.wikidata.org/entity/Q681740,Brad Lewis,nm0506977,http://dbpedia.org/resource/Brad_Lewis,identifier,tmdb_person_id+name,1.00,approved
https://example.org/person/10702,10702,Martin Campbell,director,1,http://www.wikidata.org/entity/Q282033,Martin Campbell,nm0132709,http://dbpedia.org/resource/Martin_Campbell,identifier,tmdb_person_id+name,1.00,approved
https://example.org/person/8,8,Lee Unkrich,director,1,http://www.wikidata.org/entity/Q380920,Lee Unkrich,nm0881279,http://dbpedia.org/resource/Lee_Unkrich,identifier,tmdb_person_id+name,1.00,approved
https://example.org/person/36425,36425,McG,director,1,http://www.wikidata.org/entity/Q385058,McG,nm0629334,http://dbpedia.org/resource/McG,identifier,tmdb_person_id+name,1.00,approved
https://example.org/person/2127,2127,James Wan,director,1,http://www.wikidata.org/entity/Q108047434,James Wan,nm1490123,http://dbpedia.org/resource/James_Wan,identifier,tmdb_person_id+name,1.00,approved
https://example.org/person/15344,15344,J.J. Abrams,director,1,http://www.wikidata.org/entity/Q188137,J. J. Abrams,nm0009190,http://dbpedia.org/resource/J._J._Abrams,identifier,tmdb_person_id+name,1.00,approved
https://example.org/person/6201,6201,Baz Luhrmann,director,1,http://www.wikidata.org/entity/Q250545,Baz Luhrmann,nm0525303,http://dbpedia.org/resource/Baz_Luhrmann,identifier,tmdb_person_id+name,1.00,approved
https://example.org/person/10723,10723,Mike Newell,director,1,http://www.wikidata.org/entity/Q312088,Mike Newell,nm0001565,http://dbpedia.org/resource/Mike_Newell_(director),identifier,tmdb_person_id+name,1.00,approved
https://example.org/person/10828,10828,Guillermo del Toro,director,1,http://www.wikidata.org/entity/Q219124,Guillermo del Toro,nm0868219,http://dbpedia.org/resource/Guillermo_del_Toro,identifier,tmdb_person_id+name,1.00,approved
https://example.org/person/488,488,Steven Spielberg,director,1,http://www.wikidata.org/entity/Q8877,Steven Spielberg,nm0000229,http://dbpedia.org/resource/Steven_Spielberg,identifier,tmdb_person_id+name,1.00,approved
https://example.org/person/59803,59803,Brenda Chapman,director,1,http://www.wikidata.org/entity/Q429715,Brenda Chapman,nm0152312,http://dbpedia.org/resource/Brenda_Chapman,identifier,tmdb_person_id+name,1.00,approved
https://example.org/person/126638,126638,Mark Andrews,director,1,http://www.wikidata.org/entity/Q1408804,Mark Andrews,nm0028764,http://dbpedia.org/resource/Mark_Andrews_(filmmaker),identifier,tmdb_person_id+name,1.00,approved
https://example.org/person/58189,58189,Justin Lin,director,1,http://www.wikidata.org/entity/Q551876,Justin Lin,nm0510912,http://dbpedia.org/resource/Justin_Lin,identifier,tmdb_person_id+name,1.00,approved
https://example.org/person/6046,6046,Roland Emmerich,director,2,http://www.wikidata.org/entity/Q60100,Roland Emmerich,nm0000386,http://dbpedia.org/resource/Roland_Emmerich,identifier,tmdb_person_id+name,1.00,approved
https://example.org/person/24,24,Robert Zemeckis,director,2,http://www.wikidata.org/entity/Q187364,Robert Zemeckis,nm0000709,http://dbpedia.org/resource/Robert_Zemeckis,identifier,tmdb_person_id+name,1.00,approved
https://example.org/person/9339,9339,Lilly Wachowski,director,1,http://www.wikidata.org/entity/Q9544977,Lilly Wachowski,nm0905152,http://dbpedia.org/resource/Lilly_Wachowski,identifier,tmdb_person_id+name,1.00,approved
https://example.org/person/9340,9340,Lana Wachowski,director,1,http://www.wikidata.org/entity/Q9545711,Lana Wachowski,nm0905154,http://dbpedia.org/resource/Lana_Wachowski,identifier,tmdb_person_id+name,1.00,approved
https://example.org/person/12890,12890,Pete Docter,director,2,http://www.wikidata.org/entity/Q357627,Pete Docter,nm0230032,http://dbpedia.org/resource/Pete_Docter,identifier,tmdb_person_id+name,1.00,approved
https://example.org/person/12080,12080,Conrad Vernon,director,1,http://www.wikidata.org/entity/Q521501,Conrad Vernon,nm0970447,http://dbpedia.org/resource/Conrad_Vernon,identifier,tmdb_person_id+name,1.00,approved
https://example.org/person/65630,65630,Rob Letterman,director,1,http://www.wikidata.org/entity/Q428815,Rob Letterman,nm1224299,http://dbpedia.org/resource/Rob_Letterman,identifier,tmdb_person_id+name,1.00,approved
https://example.org/person/1032,1032,Martin Scorsese,director,1,http://www.wikidata.org/entity/Q41148,Martin Scorsese,nm0000217,http://dbpedia.org/resource/Martin_Scorsese,identifier,tmdb_person_id+name,1.00,approved
https://example.org/person/18878,18878,Rob Cohen,director,2,http://www.wikidata.org/entity/Q503966,Rob Cohen,nm0003418,http://dbpedia.org/resource/Rob_Cohen,identifier,tmdb_person_id+name,1.00,approved
https://example.org/person/19769,19769,David Ayer,director,1,http://www.wikidata.org/entity/Q1091339,David Ayer,nm0043742,http://dbpedia.org/resource/David_Ayer,identifier,tmdb_person_id+name,1.00,approved
https://example.org/person/4499,4499,Tom Shadyac,director,1,http://www.wikidata.org/entity/Q722135,Tom Shadyac,nm0001723,http://dbpedia.org/resource/Tom_Shadyac,identifier,tmdb_person_id+name,1.00,approved
https://example.org/person/11694,11694,Doug Liman,director,1,http://www.wikidata.org/entity/Q349339,Doug Liman,nm0510731,http://dbpedia.org/resource/Doug_Liman,identifier,tmdb_person_id+name,1.00,approved
https://example.org/person/8300,8300,Kevin Reynolds,director,1,http://www.wikidata.org/entity/Q464903,Kevin Reynolds,nm0721817,http://dbpedia.org/resource/Kevin_Reynolds_(director),identifier,tmdb_person_id+name,1.00,approved
https://example.org/person/7775,7775,Stephen Sommers,director,1,http://www.wikidata.org/entity/Q363402,Stephen Sommers,nm0814085,http://dbpedia.org/resource/Stephen_Sommers,identifier,tmdb_person_id+name,1.00,approved
https://example.org/person/228134,228134,Rupert Sanders,director,1,http://www.wikidata.org/entity/Q175062,Rupert Sanders,nm2782185,http://dbpedia.org/resource/Rupert_Sanders,identifier,tmdb_person_id+name,1.00,approved
https://example.org/person/1032536,1032536,Robert Stromberg,director,1,http://www.wikidata.org/entity/Q2158922,Robert Stromberg,nm0834902,http://dbpedia.org/resource/Robert_Stromberg,identifier,tmdb_person_id+name,1.00,approved
https://example.org/person/32278,32278,Matt Reeves,director,1,http://www.wikidata.org/entity/Q931613,Matt Reeves,nm0716257,http://dbpedia.org/resource/Matt_Reeves,identifier,tmdb_person_id+name,1.00,approved
https://example.org/person/8965,8965,Roland Joffé,director,1,http://www.wikidata.org/entity/Q309715,Roland Joffé,nm0423646,http://dbpedia.org/resource/Roland_Joffé,identifier,tmdb_person_id+name,1.00,approved
https://example.org/person/239571,239571,Carl Rinsch,director,1,http://www.wikidata.org/entity/Q15652455,Carl Rinsch,nm0727754,http://dbpedia.org/resource/Carl_Rinsch,identifier,tmdb_person_id+name,1.00,approved
https://example.org/person/64151,64151,Mike Mitchell,director,1,http://www.wikidata.org/entity/Q2507259,Mike Mitchell,nm0593610,http://dbpedia.org/resource/Mike_Mitchell_(director),identifier,tmdb_person_id+name,1.00,approved
https://example.org/person/7087,7087,Brad Bird,director,1,http://www.wikidata.org/entity/Q310960,Brad Bird,nm0083348,http://dbpedia.org/resource/Brad_Bird,identifier,tmdb_person_id+name,1.00,approved
https://example.org/person/70238,70238,Chris Williams,director,1,http://www.wikidata.org/entity/Q1077862,Chris Williams,nm0930261,http://dbpedia.org/resource/Chris_Williams_(director),identifier,tmdb_person_id+name,1.00,approved
https://example.org/person/227439,227439,Don Hall,director,1,http://www.wikidata.org/entity/Q18921842,Don Hall,nm2320658,http://dbpedia.org/resource/Don_Hall_(filmmaker),identifier,tmdb_person_id+name,1.00,approved
https://example.org/person/165787,165787,Rich Moore,director,1,http://www.wikidata.org/entity/Q2499079,Rich Moore,nm0601781,http://dbpedia.org/resource/Rich_Moore,identifier,tmdb_person_id+name,1.00,approved
https://example.org/person/66193,66193,Chris Sanders,director,1,http://www.wikidata.org/entity/Q201641,Chris Sanders,nm0761498,http://dbpedia.org/resource/Chris_Sanders,identifier,tmdb_person_id+name,1.00,approved
https://example.org/person/69797,69797,Dean DeBlois,director,1,http://www.wikidata.org/entity/Q1181049,Dean DeBlois,nm0213450,http://dbpedia.org/resource/Dean_DeBlois,identifier,tmdb_person_id+name,1.00,approved
https://example.org/person/7213,7213,Jonathan Mostow,director,1,http://www.wikidata.org/entity/Q707494,Jonathan Mostow,nm0609236,http://dbpedia.org/resource/Jonathan_Mostow,identifier,tmdb_person_id+name,1.00,approved
https://example.org/person/15218,15218,James Gunn,director,1,http://www.wikidata.org/entity/Q717015,James Gunn,nm0348181,http://dbpedia.org/resource/James_Gunn,identifier,tmdb_person_id+name,1.00,approved
https://example.org/person/77921,77921,Hideaki Anno,director,1,http://www.wikidata.org/entity/Q23261,Hideaki Anno,nm0030417,http://dbpedia.org/resource/Hideaki_Anno,identifier,tmdb_person_id+name,1.00,approved
https://example.org/person/80752,80752,Shinji Higuchi,director,1,http://www.wikidata.org/entity/Q900501,樋口真嗣,nm0383688,http://dbpedia.org/resource/Shinji_Higuchi,identifier,tmdb_person_id+name,1.00,approved
